"","model","type","netCombo","baseline","CONS.s1","CONS.s2","CONS.ASOC.age_4874955","CONS.ASOC.sex_4874955","CONS.ASOC.distance_4874955","CONS.SOCIAL.age_4874955","CONS.SOCIAL.sex_4874955","CONS.SOCIAL.distance_4874955","OFFs1","OFFs2","OFFASOC.age_4874955","OFFASOC.sex_4874955","OFFASOC.distance_4874955","OFFSOCIAL.age_4874955","OFFSOCIAL.sex_4874955","OFFSOCIAL.distance_4874955","convergence","loglik","Baseline.parameter1","s1","s2","ASOCIALage_4874955","ASOCIALsex_4874955","ASOCIALdistance_4874955","SOCIALage_4874955","SOCIALsex_4874955","SOCIALdistance_4874955","SE.Baseline.parameter1","SEs1","SEs2","SEasocialage_4874955","SEasocialsex_4874955","SEasocialdistance_4874955","SEsocialage_4874955","SEsocialsex_4874955","SEsocialdistance_4874955","aic","aicc","deltaAICc","RelSupport","AkaikeWeight"
"190",190,"noILVs","1:2","constant",1,2,0,0,0,0,0,0,0,0,0,0,0,0,0,0,TRUE,550.220228092363,1713872785.46574,8.37919643137538,0.00478133586766057,0,0,0,0,0,0,NA,NA,NA,0,0,0,0,0,0,1106.44045618473,1107.26804239162,0,1,0.982108851487444
"134",134,"unconstrained","1:2","constant",1,2,0,3,0,0,4,0,0,0,0,0,0,0,0,0,TRUE,551.840237032236,1713872785.46574,1.84986990528616,0.00463672193991933,0,0.0832829565861456,0,0,-0.169892971855826,0,NA,NA,NA,0,NA,0,0,NA,0,1113.68047406447,1115.90269628669,8.63465389507201,0.0133354823865099,0.0130968952906463
"84",84,"unconstrained","1:2","constant",1,2,3,4,0,0,5,0,0,0,0,0,0,0,0,0,TRUE,551.340920858751,1713872785.46574,1.22172625057018,0.00505848081491062,-0.291080403124741,0.0843073828499552,0,0,-0.204753690639975,0,NA,NA,NA,NA,NA,0,0,NA,0,1114.6818417175,1117.91261094827,10.6445685566493,0.0048815900692599,0.00479425281635335
"33",33,"unconstrained","1:2","constant",1,2,3,4,0,5,6,0,0,0,0,0,0,0,0,0,TRUE,566.001778136491,1713872785.46574,9.79300068799816,0.00974149885497574,-0.617647765004771,0.087873984164743,0,-1.17913879300888,-0.66908500209769,0,NA,NA,NA,NA,NA,0,NA,NA,0,1146.00355627298,1150.48355627298,43.2155138813612,4.12924255431161e-10,4.05536566252806e-10
"79",79,"unconstrained","1:2","constant",1,2,3,0,0,4,5,0,0,0,0,0,0,0,0,0,TRUE,577.567217010665,1713872785.46574,21.7598889967818,0.00906013136908285,-0.776326404773315,0,0,-1.71545958568227,-0.992638667049271,0,NA,NA,NA,NA,0,0,NA,NA,0,1167.13443402133,1170.3652032521,63.0971608604775,1.98895797646617e-14,1.95337323392398e-14
"73",73,"unconstrained","1:2","constant",1,2,0,3,0,4,5,0,0,0,0,0,0,0,0,0,TRUE,582.428429885253,1713872785.46574,1.96439801328292,0.015819904938666,0,0.0787339502681794,0,-0.721087033697175,-0.251392056143325,0,NA,NA,NA,0,NA,0,NA,NA,0,1176.85685977051,1180.08762900127,72.8195866096532,1.5396701159823e-16,1.51212364927692e-16
"31",31,"unconstrained","1:2","constant",1,2,3,4,0,0,5,6,0,0,0,0,0,0,0,0,TRUE,602.331843946918,1713872785.46574,4.74667942864091,0.0214088814789056,-0.363762750690141,0.181207967030753,0,0,-0.142615472740532,0.743674950180251,NA,NA,NA,NA,NA,0,0,NA,NA,1218.66368789384,1223.14368789384,115.875645502215,6.88530662725359e-26,6.76212058383091e-26
"182",182,"additive","0:1","constant",0,1,0,2,0,0,0,0,0,0,0,0,0,0,0,0,TRUE,612.446801680952,1713872785.46574,0,0.0227777427051524,0,0.243692292687678,0,0,0,0,NA,0,NA,0,NA,0,0,0,0,1230.8936033619,1231.7211895688,124.453147177179,9.44805608678994e-28,9.27901951218623e-28
"176",176,"additive","1:2","constant",1,2,0,3,0,0,0,0,0,0,0,0,0,0,0,0,TRUE,617.302320927816,1713872785.46574,0.314106113989607,0.0239057929090513,0,0.0532846323381531,0,0,0,0,NA,NA,NA,0,NA,0,0,0,0,1242.60464185563,1244.0332132842,136.765170892583,2.00364364094452e-30,1.96779615499814e-30
"141",141,"additive","1:2","constant",1,2,3,4,0,0,0,0,0,0,0,0,0,0,0,0,TRUE,627.242510856398,1713872785.46574,21.1438572746797,0.0233442615142267,-1.66484626588079,0.752257964289094,0,0,0,0,NA,NA,NA,NA,NA,0,0,0,0,1264.4850217128,1266.70724393502,159.439201543396,2.38900624664554e-35,2.34626418108938e-35
"110",110,"unconstrained","1:0","constant",1,0,0,0,2,3,4,0,0,0,0,0,0,0,0,0,TRUE,629.063721490091,1713872785.46575,40.6975997000236,0,0,0,0.402519384993887,-0.311588935792925,-9.85090404082717,0,NA,NA,0,0,0,NA,NA,NA,0,1268.12744298018,1270.3496652024,163.081622810782,3.86612201910459e-36,3.79695265589313e-36
"124",124,"unconstrained","1:0","constant",1,0,2,3,0,0,4,0,0,0,0,0,0,0,0,0,TRUE,630.69561677314,1713872785.46574,14.0440833946673,0,-0.182366304159644,0.428316874288428,0,0,-12.4626516715099,0,NA,NA,0,NA,NA,0,0,NA,0,1271.39123354628,1273.6134557685,166.345413376881,7.56053346865908e-37,7.42526684153715e-37
"21",21,"unconstrained","1:0","constant",1,0,2,3,4,5,6,0,0,0,0,0,0,0,0,0,TRUE,627.861785526538,1713872785.46574,32.4653026203816,0,-0.31713904326561,0.60385322851533,0.576723871998502,-0.193478369512368,-10.2758222167247,0,NA,NA,0,NA,NA,NA,NA,NA,0,1269.72357105308,1274.20357105308,166.935528661454,5.62873152320186e-37,5.52802705158295e-37
"19",19,"unconstrained","1:0","constant",1,0,2,3,4,0,5,6,0,0,0,0,0,0,0,0,TRUE,628.152254729738,1713872785.46574,27.1811258277168,0,-0.373826213733634,0.649594622125736,0.782687510981749,0,-10.7259791285415,-0.271576985217524,NA,NA,0,NA,NA,NA,0,NA,NA,1270.30450945948,1274.78450945948,167.516467067855,4.2097990158518e-37,4.13448087645118e-37
"111",111,"unconstrained","1:0","constant",1,0,0,2,0,0,3,4,0,0,0,0,0,0,0,0,TRUE,631.449635415527,1713872785.46574,11.7379919267379,0,0,0.42191997274104,0,0,-12.9205155033696,-0.481973702007946,NA,NA,0,0,NA,0,0,NA,NA,1272.89927083105,1275.12149305328,167.853450661654,3.55701997967655e-37,3.49338080695803e-37
"115",115,"unconstrained","1:0","constant",1,0,0,2,3,0,4,0,0,0,0,0,0,0,0,0,TRUE,631.660284463126,1713872785.46574,10.1266143623879,0,0,0.289181539335963,0.829260184861927,0,-13.3775367915587,0,NA,NA,0,0,NA,NA,0,NA,0,1273.32056892625,1275.54279114847,168.274748756852,2.88139358949248e-37,2.82984214885974e-37
"161",161,"unconstrained","1:0","constant",1,0,0,0,2,0,3,0,0,0,0,0,0,0,0,0,TRUE,633.286876191027,1713872785.46574,6.91335122332239,0,0,0,0.41155261526662,0,-13.9478986030421,0,NA,NA,0,0,0,NA,0,NA,0,1274.57375238205,1276.00232381063,168.734281419004,2.28989904462431e-37,2.24893012073818e-37
"168",168,"unconstrained","1:0","constant",1,0,2,0,0,0,3,0,0,0,0,0,0,0,0,0,TRUE,633.291717090021,1713872785.46574,7.21901892547032,0,-0.210446094269083,0,0,0,-13.8321008974054,0,NA,NA,0,NA,0,0,0,NA,0,1274.58343418004,1276.01200560861,168.743963216992,2.27884066249383e-37,2.2380695857647e-37
"56",56,"unconstrained","1:0","constant",1,0,0,2,3,4,5,0,0,0,0,0,0,0,0,0,TRUE,630.903385394742,1713872785.46574,10.8726608650181,0,0,0.532335391750625,0.638965456482273,-0.00313401834842922,-13.0193189147121,0,NA,NA,0,0,NA,NA,NA,NA,0,1273.80677078948,1277.03754002025,169.769497628631,1.36465223934093e-37,1.34023704345889e-37
"54",54,"unconstrained","1:0","constant",1,0,0,2,3,0,4,5,0,0,0,0,0,0,0,0,TRUE,630.945034762683,1713872785.46574,10.0581467675283,0,0,0.523287188706755,0.672633618086022,0,-13.1144767677355,-0.224720003523176,NA,NA,0,0,NA,NA,0,NA,NA,1273.89006952537,1277.12083875613,169.852796364513,1.30898268413288e-37,1.2855634805307e-37
"61",61,"unconstrained","1:0","constant",1,0,2,3,0,0,4,5,0,0,0,0,0,0,0,0,TRUE,631.078807084168,1713872785.46574,10.5543491302028,0,-0.26119652423712,0.446012136852931,0,0,-13.0729713126425,-0.33366228699714,NA,NA,0,NA,NA,0,0,NA,NA,1274.15761416834,1277.38838339911,170.120341007484,1.14508393161234e-37,1.12459706493252e-37
"93",93,"unconstrained","0:1","constant",0,1,0,2,0,3,4,0,0,0,0,0,0,0,0,0,TRUE,632.715062232584,1713872785.46574,0,0.0265906611670308,0,0.113574072376596,0,-0.751858583756169,-0.264239682108578,0,NA,0,NA,0,NA,0,NA,NA,0,1275.43012446517,1277.65234668739,170.384304295768,1.00350241205705e-37,9.85548601370227e-38
"121",121,"unconstrained","1:0","constant",1,0,2,0,3,0,4,0,0,0,0,0,0,0,0,0,TRUE,632.728818900054,1713872785.46574,7.73237934096444,0,-0.189615239909342,0,0.47187794138242,0,-13.6685058534385,0,NA,NA,0,NA,0,NA,0,NA,0,1275.45763780011,1277.67986002233,170.411817630709,9.89792083501908e-38,9.72083566339423e-38
"63",63,"unconstrained","1:0","constant",1,0,2,3,0,4,5,0,0,0,0,0,0,0,0,0,TRUE,631.537263677653,1713872785.46574,8.88758007867863,0,-0.236509854548853,0.47438935049876,0,-0.211024463029231,-13.4322964156566,0,NA,NA,0,NA,NA,0,NA,NA,0,1275.07452735531,1278.30529658608,171.037254194454,7.23989306706877e-38,7.11036306499082e-38
"117",117,"unconstrained","1:0","constant",1,0,2,0,0,0,3,4,0,0,0,0,0,0,0,0,TRUE,633.213775364041,1713872785.46574,7.379536119845,0,-0.158165148871399,0,0,0,-13.9538540630588,-0.52001673555181,NA,NA,0,NA,0,0,0,NA,NA,1276.42755072808,1278.6497729503,171.381730558682,6.09438743147425e-38,5.98535184084469e-38
"129",129,"socialEffectsOnly","1:2","constant",1,2,0,0,0,3,4,0,0,0,0,0,0,0,0,0,TRUE,633.428425062927,1713872785.46574,3.79414709203988,0.0265711202127404,0,0,0,-0.804336750900573,-0.294060062406894,0,NA,NA,NA,0,0,0,NA,NA,0,1276.85685012585,1279.07907234808,171.811029956454,4.91709817929377e-38,4.82912564551721e-38
"159",159,"socialEffectsOnly","1:0","constant",1,0,0,0,0,2,3,0,0,0,0,0,0,0,0,0,TRUE,635.382469539226,1713872785.46574,11.2525244398348,0,0,0,0,0.937014689431082,-12.2886683484223,0,NA,NA,0,0,0,0,NA,NA,0,1278.76493907845,1280.19351050702,172.925468115402,2.81651266504121e-38,2.76612201866347e-38
"52",52,"unconstrained","1:0","constant",1,0,0,0,2,3,4,5,0,0,0,0,0,0,0,0,TRUE,632.577387109245,1713872785.46574,9.07944945633653,0,0,0,0.388883460731886,-0.161082897270156,-13.3871384739789,-0.326792341473003,NA,NA,0,0,0,NA,NA,NA,NA,1277.15477421849,1280.38554344926,173.117501057638,2.5586582626822e-38,2.51288092771167e-38
"108",108,"unconstrained","1:0","constant",1,0,0,0,2,0,3,4,0,0,0,0,0,0,0,0,TRUE,634.188572822329,1713872785.46574,7.48429628368943,0,0,0,0.394596675982383,0,-14.1260179390355,-1.2331913964357,NA,NA,0,0,0,NA,0,NA,NA,1278.37714564466,1280.59936786688,173.33132547526,2.29922198000033e-38,2.25808625809281e-38
"60",60,"unconstrained","1:0","constant",1,0,2,0,3,4,5,0,0,0,0,0,0,0,0,0,TRUE,632.731765308754,1713872785.46574,7.70987528922629,0,-0.161195391585508,0,0.407556225939503,-0.285162695771806,-13.5673615119448,0,NA,NA,0,NA,0,NA,NA,NA,0,1277.46353061751,1280.69429984828,173.426257456656,2.19263672896169e-38,2.15340793960975e-38
"16",16,"unconstrained","1:0","constant",1,0,0,2,3,4,5,6,0,0,0,0,0,0,0,0,TRUE,631.202273541134,1713872785.46574,9.4456439549908,0,0,0.553478325590026,0.62145195146036,-0.349865915173195,-13.0658516107778,-0.116764077347622,NA,NA,0,0,NA,NA,NA,NA,NA,1276.40454708227,1280.88454708227,173.616504690646,1.9936780287183e-38,1.95800883902028e-38
"65",65,"unconstrained","1:0","constant",1,0,2,3,4,0,5,0,0,0,0,0,0,0,0,0,TRUE,632.874437788217,1713872785.46574,10.2403474929261,0,0.137322398243418,0.533077980019718,0.962554803428022,0,-13.6690795255784,0,NA,NA,0,NA,NA,NA,0,NA,0,1277.74887557643,1280.9796448072,173.711602415581,1.90109935356492e-38,1.86708650269317e-38
"57",57,"unconstrained","1:0","constant",1,0,2,0,0,3,4,5,0,0,0,0,0,0,0,0,TRUE,633.19942186756,1713872785.46574,7.43921449234031,0,-0.193721063804057,0,0,-0.386683783619313,-13.5539773688601,-0.450925420141752,NA,NA,0,NA,0,0,NA,NA,NA,1278.39884373512,1281.62961296589,174.361570574268,1.37361815367079e-38,1.34904254728392e-38
"18",18,"unconstrained","1:0","constant",1,0,2,3,0,4,5,6,0,0,0,0,0,0,0,0,TRUE,631.650533115119,1713872785.46574,9.04650969453814,0,-0.222360745800518,0.402195950734198,0,-0.21427518770267,-13.6658974122616,-0.137499611785942,NA,NA,0,NA,NA,0,NA,NA,NA,1277.30106623024,1281.78106623024,174.513023838616,1.27343963629303e-38,1.25065633863834e-38
"58",58,"unconstrained","1:0","constant",1,0,2,0,3,0,4,5,0,0,0,0,0,0,0,0,TRUE,633.310632628137,1713872785.46574,6.81528585301596,0,-0.241407453566493,0,0.376917712161237,0,-14.1797348484835,-0.940267965944202,NA,NA,0,NA,0,NA,0,NA,NA,1278.62126525627,1281.85203448704,174.583992095422,1.22904505040917e-38,1.20705602288367e-38
"3",3,"unconstrained","1:0","constant",1,0,2,3,4,5,6,7,0,0,0,0,0,0,0,0,TRUE,630.003787952793,1713872785.46574,10.2452371041738,0,-0.42108587396785,0.625931488619174,0.773514679188757,-0.116536185868394,-13.156045329973,-0.337361280027715,NA,NA,0,NA,NA,NA,NA,NA,NA,1276.00757590559,1282.00757590559,174.739533513964,1.13708364309721e-38,1.11673991076736e-38
"119",119,"unconstrained","1:0","constant",1,0,2,0,0,3,4,0,0,0,0,0,0,0,0,0,TRUE,634.960718101342,1713872785.46574,7.31849106217773,0,0.0268143502281336,0,0,0.43084401825687,-14.3165433717401,0,NA,NA,0,NA,0,0,NA,NA,0,1279.92143620268,1282.14365842491,174.875616033284,1.06228847233109e-38,1.04328291150944e-38
"185",185,"socialEffectsOnly","1:0","constant",1,0,0,0,0,0,2,0,0,0,0,0,0,0,0,0,TRUE,637.736208414187,1713872785.46574,6.57984260205781,0,0,0,0,0,-15.2601714023801,0,NA,NA,0,0,0,0,0,NA,0,1281.47241682837,1282.30000303527,175.03196064365,9.82409758756366e-39,9.64833319862271e-39
"164",164,"unconstrained","1:0","constant",1,0,0,2,0,0,3,0,0,0,0,0,0,0,0,0,TRUE,638.004964515158,1713872785.46574,9.98697333430264,0,0,-0.125521358426183,0,0,-11.4837814335805,0,NA,NA,0,0,NA,0,0,NA,0,1284.00992903032,1285.43850045889,178.170458067265,2.04539227606373e-39,2.00879785908624e-39
"17",17,"unconstrained","1:0","constant",1,0,2,0,3,4,5,6,0,0,0,0,0,0,0,0,TRUE,634.143075571224,1713872785.46574,8.01317137445587,0,-0.27443044484237,0,0.278827181449345,0.446594567746967,-13.9087398908905,0.336362647359429,NA,NA,0,NA,0,NA,NA,NA,NA,1282.28615114245,1286.76615114245,179.498108750826,1.05312743987866e-39,1.03428578044914e-39
"107",107,"socialEffectsOnly","1:0","constant",1,0,0,0,0,2,3,4,0,0,0,0,0,0,0,0,TRUE,637.387583084632,1713872785.46574,10.4778491701874,0,0,0,0,0.48027400258385,-11.5517665709392,-1.3436573680566,NA,NA,0,0,0,0,NA,NA,NA,1284.77516616926,1286.99738839149,179.729345999865,9.38141608176876e-40,9.21357177339175e-40
"157",157,"socialEffectsOnly","1:0","constant",1,0,0,0,0,0,2,3,0,0,0,0,0,0,0,0,TRUE,643.305703003023,1713872785.46574,6.60811602200111,0,0,0,0,0,-15.0980084307063,-2.26026996471907,NA,NA,0,0,0,0,0,NA,NA,1294.61140600605,1296.03997743462,188.771935042996,1.02022306162763e-41,1.00197009931612e-41
"143",143,"socialEffectsOnly","0:1","constant",0,1,0,0,0,2,0,3,0,0,0,0,0,0,0,0,TRUE,645.736546383099,1713872785.46574,0,0.0312087216302114,0,0,0,-0.408590533058219,0,0.849780941095648,NA,0,NA,0,0,0,NA,0,NA,1299.4730927662,1300.90166419477,193.633621803148,8.97414887644991e-43,8.81359104612756e-43
"87",87,"socialEffectsOnly","0:1","constant",0,1,0,0,0,2,3,4,0,0,0,0,0,0,0,0,TRUE,644.94777073607,1713872785.46574,0,0.0310604182785948,0,0,0,-0.463906690019959,0.0879348570666322,1.03724335989881,NA,0,NA,0,0,0,NA,NA,NA,1299.89554147214,1302.11776369436,194.84972130274,4.88563050796549e-43,4.79822096697001e-43
"38",38,"unconstrained","0:1","constant",0,1,0,2,0,3,4,5,0,0,0,0,0,0,0,0,TRUE,644.154301123761,1713872785.46574,0,0.030884394914172,0,0.0915139049773513,0,-0.475921686366456,0.0896566105362586,1.04863336737784,NA,0,NA,0,NA,0,NA,NA,NA,1300.30860224752,1303.53937147829,196.271329086671,2.40006172412505e-43,2.35712186337943e-43
"42",42,"unconstrained","0:1","constant",0,1,2,0,0,3,4,5,0,0,0,0,0,0,0,0,TRUE,644.161822411179,1713872785.46574,0,0.0310003918592305,-0.294500998380176,0,0,-0.477368778928691,0.0905960151262492,1.05479909737579,NA,0,NA,NA,0,0,NA,NA,NA,1300.32364482236,1303.55441405313,196.286371661505,2.3820778856658e-43,2.33945977644488e-43
"128",128,"socialEffectsOnly","1:2","constant",1,2,0,0,0,3,0,4,0,0,0,0,0,0,0,0,TRUE,645.717231275004,1713872785.46574,0.14578020757543,0.031208564729589,0,0,0,-0.408607240237463,0,0.849990563934996,NA,NA,NA,0,0,0,NA,0,NA,1301.43446255001,1303.65668477223,196.388642380609,2.2633314220327e-43,2.22283782342798e-43
"92",92,"unconstrained","0:1","constant",0,1,0,2,0,3,0,4,0,0,0,0,0,0,0,0,TRUE,645.738344893385,1713872785.46574,0,0.0312087216726505,0,-0.00569480970227272,0,-0.408785760569485,0,0.8515377662465,NA,0,NA,0,NA,0,NA,0,NA,1301.47668978677,1303.69891200899,196.43086961737,2.21604525378345e-43,2.17639765903746e-43
"48",48,"unconstrained","0:1","constant",0,1,2,3,0,4,5,0,0,0,0,0,0,0,0,0,TRUE,644.313267408205,1713872785.46574,0,0.0298644119520237,-0.397012541104751,0.131534429343384,0,-0.500935705495576,-0.227016851859842,0,NA,0,NA,NA,NA,0,NA,NA,0,1300.62653481641,1303.85730404718,196.589261655558,2.04731293711049e-43,2.01068415730097e-43
"37",37,"unconstrained","0:1","constant",0,1,0,0,2,3,4,5,0,0,0,0,0,0,0,0,TRUE,644.61232303658,1713872785.46574,0,0.0310403803459743,0,0,0.33100074766953,-0.46610061245988,0.0891344237716497,1.04350424600115,NA,0,NA,0,0,NA,NA,NA,NA,1301.22464607316,1304.45541530393,197.187372912307,1.51811971969121e-43,1.49095881432637e-43
"99",99,"unconstrained","0:1","constant",0,1,2,0,0,3,4,0,0,0,0,0,0,0,0,0,TRUE,646.130505635242,1713872785.46574,0,0.0303668899998053,-0.367544167214867,0,0,-0.440430957770134,-0.198677316197213,0,NA,0,NA,NA,0,0,NA,NA,0,1302.26101127048,1304.48323349271,197.215191101084,1.49715022065475e-43,1.47036448371141e-43
"122",122,"unconstrained","1:0","constant",1,0,2,0,3,4,0,0,0,0,0,0,0,0,0,0,TRUE,646.210665802153,1713872785.46574,18.1672348859007,0,0.23620811365197,0,0.520623185321214,-12.0299506972019,0,0,NA,NA,0,NA,0,NA,NA,0,0,1302.42133160431,1304.64355382653,197.375511434907,1.38182250171542e-43,1.35710011011924e-43
"67",67,"socialEffectsOnly","1:2","constant",1,2,0,0,0,3,4,5,0,0,0,0,0,0,0,0,TRUE,644.894943789864,1713872785.46574,0.346657693332892,0.031057559049021,0,0,0,-0.465867165201772,0.0884247142897534,1.04086603748161,NA,NA,NA,0,0,0,NA,NA,NA,1301.78988757973,1305.0206568105,197.752614418876,1.1443671643305e-43,1.12389312144057e-43
"89",89,"unconstrained","0:1","constant",0,1,0,0,2,3,0,4,0,0,0,0,0,0,0,0,TRUE,646.493241853748,1713872785.46574,0,0.0312120221531071,0,0,0.228972106756948,-0.358577645264068,0,1.24888192575569,NA,0,NA,0,0,NA,NA,0,NA,1302.9864837075,1305.20870592972,197.940663538096,1.04167211998907e-43,1.02303540938896e-43
"98",98,"unconstrained","0:1","constant",0,1,2,0,0,3,0,4,0,0,0,0,0,0,0,0,TRUE,646.565143829341,1713872785.46574,0,0.0312119906938372,-0.452318340527609,0,0,-0.340201135894563,0,1.25872410985513,NA,0,NA,NA,0,0,NA,0,NA,1303.13028765868,1305.3525098809,198.084467489282,9.69403111462625e-44,9.52059376426914e-44
"178",178,"socialEffectsOnly","0:1","constant",0,1,0,0,0,0,0,2,0,0,0,0,0,0,0,0,TRUE,649.277202426974,1713872785.46574,0,0.0312162386096816,0,0,0,0,0,0.726061980107667,NA,0,NA,0,0,0,0,0,NA,1304.55440485395,1305.38199106084,198.113948669222,9.55218340471343e-44,9.38128387280053e-44
"12",12,"unconstrained","0:1","constant",0,1,2,3,0,4,5,6,0,0,0,0,0,0,0,0,TRUE,643.475478783925,1713872785.46574,0,0.0308642005401305,-0.322924254259123,0.156513101567236,0,-0.470855566298511,0.0879236990092579,1.02874489837139,NA,0,NA,NA,NA,0,NA,NA,NA,1300.95095756785,1305.43095756785,198.162915176229,9.32115458582301e-44,9.15438842481956e-44
"165",165,"unconstrained","1:0","constant",1,0,0,2,0,3,0,0,0,0,0,0,0,0,0,0,TRUE,648.017166839539,1713872785.46574,15.861977114628,0,0,-0.181362824446629,0,-11.7396071342284,0,0,NA,NA,0,0,NA,0,NA,0,0,1304.03433367908,1305.46290510765,198.194862716028,9.1734434995566e-44,9.00932005953449e-44
"144",144,"socialEffectsOnly","0:1","constant",0,1,0,0,0,2,3,0,0,0,0,0,0,0,0,0,TRUE,648.03051847794,1713872785.46574,0,0.0307128544962053,0,0,0,-0.434303384300959,-0.140299146207079,0,NA,0,NA,0,0,0,NA,NA,0,1304.06103695588,1305.48960838445,198.22156599283,9.05177702982564e-44,8.88983034268248e-44
"125",125,"unconstrained","1:0","constant",1,0,2,3,0,4,0,0,0,0,0,0,0,0,0,0,TRUE,647.008016655824,1713872785.46574,15.9822333561605,0,0.230263740764326,-0.0336232563722094,0,-12.2201910319129,0,0,NA,NA,0,NA,NA,0,NA,0,0,1304.01603331165,1306.23825553387,198.970213142248,6.22539889996827e-44,6.11401936369904e-44
"11",11,"unconstrained","0:1","constant",0,1,2,0,3,4,5,6,0,0,0,0,0,0,0,0,TRUE,643.932820095648,1713872785.46574,0,0.0310255167721174,-0.305234139666972,0,0.376917485180029,-0.467591932957837,0.0916489747261911,1.03896143539628,NA,0,NA,NA,0,NA,NA,NA,NA,1301.8656401913,1306.3456401913,199.077597799674,5.899957761988e-44,5.79440074145046e-44
"72",72,"unconstrained","1:2","constant",1,2,0,3,0,4,0,5,0,0,0,0,0,0,0,0,TRUE,645.719027250669,1713872785.46574,0.145826623979216,0.0312085647440516,0,-0.00569202083451142,0,-0.408802522953288,0,0.851747873932523,NA,NA,NA,0,NA,0,NA,0,NA,1303.43805450134,1306.66882373211,199.400781340486,5.01961592340731e-44,4.92980922944564e-44
"23",23,"unconstrained","1:2","constant",1,2,0,3,0,4,5,6,0,0,0,0,0,0,0,0,TRUE,644.097855903496,1713872785.46574,0.444767410590647,0.0308831237117533,0,0.0917243940666786,0,-0.477941719481224,0.0901175827455348,1.05247157054734,NA,NA,NA,0,NA,0,NA,NA,NA,1302.19571180699,1306.67571180699,199.407669415371,5.00235791389211e-44,4.9128599855417e-44
"27",27,"unconstrained","1:2","constant",1,2,3,0,0,4,5,6,0,0,0,0,0,0,0,0,TRUE,644.107254861881,1713872785.46574,0.373184243414674,0.0309977944065913,-0.295710139787782,0,0,-0.478770021104533,0.0907295903193049,1.05777856934513,NA,NA,NA,NA,0,0,NA,NA,NA,1302.21450972376,1306.69450972376,199.426467332141,4.95556122460421e-44,4.86690054277176e-44
"152",152,"unconstrained","0:1","constant",0,1,2,0,0,0,0,3,0,0,0,0,0,0,0,0,TRUE,648.807651139187,1713872785.46574,0,0.0312219108521911,-0.346797058526626,0,0,0,0,0.766596323858165,NA,0,NA,NA,0,0,0,0,NA,1305.61530227837,1307.04387370695,199.775831315324,4.16130378104634e-44,4.08685327709378e-44
"180",180,"socialEffectsOnly","0:1","constant",0,1,0,0,0,2,0,0,0,0,0,0,0,0,0,0,TRUE,650.229890682536,1713872785.46574,0,0.0312097229032762,0,0,0,-0.323887577043846,0,0,NA,0,NA,0,0,0,NA,0,0,1306.45978136507,1307.28736757197,200.019325180346,3.68430351210709e-44,3.61838709080665e-44
"22",22,"unconstrained","1:2","constant",1,2,0,0,3,4,5,6,0,0,0,0,0,0,0,0,TRUE,644.553326997957,1713872785.46574,0.384647814112624,0.0310370159441182,0,0,0.330059640502303,-0.46822924395825,0.0897047573526293,1.0477025494515,NA,NA,NA,0,0,NA,NA,NA,NA,1303.10665399591,1307.58665399591,200.318611604292,3.1722410361766e-44,3.11548600068074e-44
"44",44,"unconstrained","0:1","constant",0,1,2,0,3,4,0,5,0,0,0,0,0,0,0,0,TRUE,646.220594547183,1713872785.46574,0,0.0312119072408261,-0.454907210645657,0,0.238862353649135,-0.342822934388177,0,1.25514532063366,NA,0,NA,NA,0,NA,NA,0,NA,1304.44118909437,1307.67195832514,200.403915933514,3.0397829808173e-44,2.98539777206156e-44
"142",142,"socialEffectsOnly","0:1","constant",0,1,0,0,0,0,2,3,0,0,0,0,0,0,0,0,TRUE,649.149849245558,1713872785.46574,0,0.0311957088817518,0,0,0,0,-0.0414003733380627,0.733724915388028,NA,0,NA,0,0,0,0,NA,NA,1306.29969849112,1307.72826991969,200.460227528065,2.95538913070316e-44,2.90251382485336e-44
"145",145,"unconstrained","0:1","constant",0,1,0,0,2,0,0,3,0,0,0,0,0,0,0,0,TRUE,649.177140317799,1713872785.46574,0,0.0312220888622833,0,0,0.150833784579391,0,0,0.823761957364322,NA,0,NA,0,0,NA,0,0,NA,1306.3542806356,1307.78285206417,200.514809672549,2.8758240390628e-44,2.82437224408394e-44
"172",172,"socialEffectsOnly","1:2","constant",1,2,0,0,0,0,0,3,0,0,0,0,0,0,0,0,TRUE,649.258405869347,1713872785.46574,0.142720542958203,0.031216097590621,0,0,0,0,0,0.726209736599006,NA,NA,NA,0,0,0,0,0,NA,1306.51681173869,1307.94538316727,200.677340775644,2.65136261958963e-44,2.60392669720191e-44
"162",162,"unconstrained","1:0","constant",1,0,0,0,2,3,0,0,0,0,0,0,0,0,0,0,TRUE,649.271008212255,1713872785.46574,14.646231035113,0,0,0,1.42946152909541,-11.9006948510895,0,0,NA,NA,0,0,0,NA,NA,0,0,1306.54201642451,1307.97058785308,200.70254546146,2.61815890045884e-44,2.57131703074126e-44
"148",148,"unconstrained","0:1","constant",0,1,0,2,0,0,0,3,0,0,0,0,0,0,0,0,TRUE,649.281246757871,1713872785.46574,0,0.0312162360322917,0,-0.00845643380493184,0,0,0,0.728332026902435,NA,0,NA,0,NA,0,0,0,NA,1306.56249351574,1307.99106494431,200.723022552691,2.5914895219256e-44,2.5451247980201e-44
"40",40,"unconstrained","0:1","constant",0,1,0,2,3,4,0,5,0,0,0,0,0,0,0,0,TRUE,646.459277831002,1713872785.46574,0,0.0312120210566821,0,0.0605010638905938,0.231265227630998,-0.358938947270946,0,1.2484693790561,NA,0,NA,0,NA,NA,NA,0,NA,1304.918555662,1308.14932489277,200.881282501152,2.39432856080274e-44,2.35149127293357e-44
"47",47,"unconstrained","0:1","constant",0,1,2,3,0,4,0,5,0,0,0,0,0,0,0,0,TRUE,646.470390797909,1713872785.46574,0,0.0312119797712436,-0.455268609956194,0.0827251511787666,0,-0.341675417318908,0,1.25740154612992,NA,0,NA,NA,NA,0,NA,0,NA,1304.94078159582,1308.17155082659,200.903508434966,2.36786776802054e-44,2.32550389412479e-44
"69",69,"unconstrained","1:2","constant",1,2,0,0,3,4,0,5,0,0,0,0,0,0,0,0,TRUE,646.490202271723,1713872785.46574,0.0205831423623225,0.0312120023621189,0,0,0.22896391673305,-0.358606887891254,0,1.24884310987307,NA,NA,NA,0,0,NA,NA,0,NA,1304.98040454345,1308.21117377422,200.943131382594,2.32141845169489e-44,2.27988560941583e-44
"78",78,"unconstrained","1:2","constant",1,2,3,0,0,4,0,5,0,0,0,0,0,0,0,0,TRUE,646.562025961785,1713872785.46574,0.020778091676715,0.0312119707756134,-0.452308412637471,0,0,-0.340231064080051,0,1.2586909862141,NA,NA,NA,NA,0,0,NA,0,NA,1305.12405192357,1308.35482115434,201.086778762718,2.1605324811777e-44,2.12187807369074e-44
"154",154,"unconstrained","0:1","constant",0,1,2,0,0,3,0,0,0,0,0,0,0,0,0,0,TRUE,649.603190686322,1713872785.46574,0,0.031191494276445,-0.287178069292798,0,0,-0.333161887097621,0,0,NA,0,NA,NA,0,0,NA,0,0,1307.20638137264,1308.63495280122,201.366910409594,1.87815307479687e-44,1.84455075920636e-44
"6",6,"unconstrained","1:2","constant",1,2,3,4,0,5,6,7,0,0,0,0,0,0,0,0,TRUE,643.407781578565,1713872785.46574,0.457319269286669,0.0308582629863862,-0.33100694502605,0.154406648211682,0,-0.477153616488662,0.0879685648592567,1.0405572612943,NA,NA,NA,NA,NA,0,NA,NA,NA,1302.81556315713,1308.81556315713,201.547520765508,1.71597890691704e-44,1.68527807344897e-44
"97",97,"unconstrained","0:1","constant",0,1,2,0,0,0,3,4,0,0,0,0,0,0,0,0,TRUE,648.365405228104,1713872785.46574,0,0.0311418269767514,-0.28302661937815,0,0,0,-0.0616982985171748,0.743339858883078,NA,0,NA,NA,0,0,0,NA,NA,1306.73081045621,1308.95303267843,201.68499028681,1.60199375171084e-44,1.5733322435828e-44
"10",10,"unconstrained","0:1","constant",0,1,0,2,3,4,5,6,0,0,0,0,0,0,0,0,TRUE,645.284306878492,1713872785.46574,0,0.03111521048133,0,0.130416465129556,0.715533328158246,-0.380288419717415,0.0643624030649292,0.848527043145852,NA,0,NA,0,NA,NA,NA,NA,NA,1304.56861375698,1309.04861375698,201.780571365362,1.52723423353035e-44,1.49991025904479e-44
"147",147,"unconstrained","0:1","constant",0,1,0,0,2,3,0,0,0,0,0,0,0,0,0,0,TRUE,649.954943969851,1713872785.46574,0,0.0312060001720283,0,0,0.319011483693576,-0.33188540619263,0,0,NA,0,NA,0,0,NA,NA,0,0,1307.9098879397,1309.33845936827,202.070416976652,1.32119364356053e-44,1.29755597186975e-44
"100",100,"unconstrained","0:1","constant",0,1,2,0,3,0,0,4,0,0,0,0,0,0,0,0,TRUE,648.61114495826,1713872785.46574,0,0.0312219658673724,-0.354865542933139,0,0.143632280710569,0,0,0.7844317417485,NA,0,NA,NA,0,NA,0,0,NA,1307.22228991652,1309.44451213874,202.17646974712,1.25296058407665e-44,1.23054368018656e-44
"62",62,"unconstrained","1:0","constant",1,0,2,3,0,4,0,5,0,0,0,0,0,0,0,0,TRUE,647.145462736884,1713872785.46574,17.3499102029423,0,0.102349453695898,-0.184724965472745,0,-12.3993925165679,0,0.750615024485843,NA,NA,0,NA,NA,0,NA,0,NA,1306.29092547377,1309.52169470454,202.253652312917,1.20552834964352e-44,1.18396006290395e-44
"2",2,"unconstrained","0:1","constant",0,1,2,3,4,5,6,7,0,0,0,0,0,0,0,0,TRUE,643.7693770062,1713872785.46574,0,0.0310262025933449,-0.333247695944068,0.177042227743209,0.44234098474434,-0.463379028495763,0.0933687709571904,1.03164091966833,NA,0,NA,NA,NA,NA,NA,NA,NA,1303.5387540124,1309.5387540124,202.270711620778,1.19528933970125e-44,1.17390424060918e-44
"191",191,"noILVs","0:1","constant",0,1,0,0,0,0,0,0,0,0,0,0,0,0,0,0,TRUE,652.669690386716,1713872785.46574,0,0.0312194985403172,0,0,0,0,0,0,NA,0,NA,0,0,0,0,0,0,1309.33938077343,1309.73938077343,202.47133838181,1.08120363869061e-44,1.06185966381848e-44
"5",5,"unconstrained","1:2","constant",1,2,3,0,4,5,6,7,0,0,0,0,0,0,0,0,TRUE,643.875871337047,1713872785.46574,0.401994599059165,0.0310228394976693,-0.307400871003442,0,0.375979984976739,-0.469950508788754,0.0919983910815881,1.04353113817455,NA,NA,NA,NA,0,NA,NA,NA,NA,1303.75174267409,1309.75174267409,202.483700282473,1.07454138344629e-44,1.05531660397217e-44
"103",103,"unconstrained","0:1","constant",0,1,2,3,0,0,0,4,0,0,0,0,0,0,0,0,TRUE,648.773012192207,1713872785.46574,0,0.0312219337632574,-0.349457280657205,0.0376406845395491,0,0,0,0.772476757376224,NA,0,NA,NA,NA,0,0,0,NA,1307.54602438441,1309.76824660664,202.500204215014,1.06571078918673e-44,1.04664399918595e-44
"137",137,"unconstrained","1:2","constant",1,2,3,0,0,0,0,4,0,0,0,0,0,0,0,0,TRUE,648.806291694324,1713872785.46574,0.0113299711577739,0.0312219008049882,-0.346861232574689,0,0,0,0,0.766738180859168,NA,NA,NA,NA,0,0,0,0,NA,1307.61258338865,1309.83480561087,202.566763219248,1.03082812299704e-44,1.01238542395759e-44
"174",174,"socialEffectsOnly","1:2","constant",1,2,0,0,0,3,0,0,0,0,0,0,0,0,0,0,TRUE,650.212334630563,1713872785.46574,0.134121709092338,0.0312095712591759,0,0,0,-0.323908800942695,0,0,NA,NA,NA,0,0,0,NA,0,0,1308.42466926113,1309.8532406897,202.585198298075,1.021370081047e-44,1.00309659724071e-44
"46",46,"unconstrained","0:1","constant",0,1,2,3,0,0,4,5,0,0,0,0,0,0,0,0,TRUE,647.385385872453,1713872785.46574,0,0.0309422811435844,-0.326761962715558,0.167035381284724,0,0,-0.0669230559416219,0.709559855095988,NA,0,NA,NA,NA,0,0,NA,NA,1306.77077174491,1310.00154097568,202.733498584054,9.4837508064503e-45,9.31407561231602e-45
"90",90,"unconstrained","0:1","constant",0,1,0,0,2,3,4,0,0,0,0,0,0,0,0,0,TRUE,648.947987773087,1713872785.46574,0,0.0310289982737799,0,0,0.438254683917303,-0.341954056698078,-0.123687959053861,0,NA,0,NA,0,0,NA,NA,NA,0,1307.89597554617,1310.1181977684,202.850155376774,8.94640250153221e-45,8.7863410857242e-45
"150",150,"unconstrained","0:1","constant",0,1,0,2,0,3,0,0,0,0,0,0,0,0,0,0,TRUE,650.397851915636,1713872785.46574,0,0.0312200622843308,0,0.00722448160054898,0,-0.249700990720418,0,0,NA,0,NA,0,NA,0,NA,0,0,1308.79570383127,1310.22427525984,202.956232868222,8.48426058088606e-45,8.33246741481421e-45
"112",112,"unconstrained","1:0","constant",1,0,0,2,0,3,0,4,0,0,0,0,0,0,0,0,TRUE,649.022040408971,1713872785.46574,13.6997716098227,0,0,-0.10004437669904,0,-12.0280094135569,0,-1.98342066290846,NA,NA,0,0,NA,0,NA,0,NA,1308.04408081794,1310.26630304016,202.998260648542,8.307833463216e-45,8.15919678090803e-45
"127",127,"socialEffectsOnly","1:2","constant",1,2,0,0,0,0,3,4,0,0,0,0,0,0,0,0,TRUE,649.129650928769,1713872785.46574,0.151125648089307,0.0311954767526024,0,0,0,0,-0.0413660440519501,0.734061395692106,NA,NA,NA,0,0,0,0,NA,NA,1308.25930185754,1310.48152407976,203.213481688139,7.46024563533712e-45,7.32677327273516e-45
"88",88,"unconstrained","0:1","constant",0,1,0,0,2,0,3,4,0,0,0,0,0,0,0,0,TRUE,649.152734818032,1713872785.46574,0,0.0312078811367664,0,0,0.156366598774319,0,0.0189256487583849,0.645989105096878,NA,0,NA,0,0,NA,0,NA,NA,1308.30546963606,1310.52769185829,203.259649466664,7.29000660021915e-45,7.15958000947711e-45
"94",94,"unconstrained","0:1","constant",0,1,0,2,3,0,0,4,0,0,0,0,0,0,0,0,TRUE,649.161253061935,1713872785.46574,0,0.0312220999381845,0,0.0402382679761269,0.151204281081305,0,0,0.825785385673972,NA,0,NA,0,NA,NA,0,0,NA,1308.32250612387,1310.54472834609,203.27668595447,7.22817227974892e-45,7.09885197601759e-45
"130",130,"unconstrained","1:2","constant",1,2,0,0,3,0,0,4,0,0,0,0,0,0,0,0,TRUE,649.175735302535,1713872785.46574,0.0121752215453007,0.0312220781438347,0,0,0.150866262762669,0,0,0.82393933338431,NA,NA,NA,0,0,NA,0,0,NA,1308.35147060507,1310.57369282729,203.30565043567,7.1242465051343e-45,6.99678555287089e-45
"14",14,"unconstrained","0:1","constant",0,1,2,3,4,5,0,6,0,0,0,0,0,0,0,0,TRUE,646.065887730706,1713872785.46574,0,0.0312118900873156,-0.457710726016696,0.0915396063331067,0.240935858777654,-0.345117059831,0,1.253265755607,NA,0,NA,NA,NA,NA,NA,0,NA,1306.13177546141,1310.61177546141,203.343733069791,6.98987483532088e-45,6.86481794655797e-45
"91",91,"unconstrained","0:1","constant",0,1,0,2,0,0,3,4,0,0,0,0,0,0,0,0,TRUE,649.204970778725,1713872785.46574,0,0.0311956227036306,0,-0.0608066188078732,0,0,-0.0402245578324524,0.740512023670308,NA,0,NA,0,NA,0,0,NA,NA,1308.40994155745,1310.63216377967,203.36412138805,6.91898090490254e-45,6.79519238997739e-45
"133",133,"unconstrained","1:2","constant",1,2,0,3,0,0,0,4,0,0,0,0,0,0,0,0,TRUE,649.262432375004,1713872785.46574,0.142776958319138,0.0312160949737905,0,-0.00842699260295773,0,0,0,0.728479062846431,NA,NA,NA,0,NA,0,0,0,NA,1308.52486475001,1310.74708697223,203.479044580609,6.53261220328013e-45,6.41573626817631e-45
"105",105,"unconstrained","0:1","constant",0,1,2,3,0,4,0,0,0,0,0,0,0,0,0,0,TRUE,649.318899374129,1713872785.46574,0,0.0311356239239856,-0.308809433329353,0.095163434445348,0,-0.362143222877092,0,0,NA,0,NA,NA,NA,0,NA,0,0,1308.63779874826,1310.86002097048,203.591978578859,6.17395659213224e-45,6.06349741783233e-45
"29",29,"unconstrained","1:2","constant",1,2,3,0,4,5,0,6,0,0,0,0,0,0,0,0,TRUE,646.217534444001,1713872785.46574,0.0207053632909352,0.0312118874216213,-0.454898507199476,0,0.238855568115526,-0.342852344936837,0,1.2551163308613,NA,NA,NA,NA,0,NA,NA,0,NA,1306.435068888,1310.915068888,203.647026496381,6.00634215343091e-45,5.89888179394665e-45
"179",179,"socialEffectsOnly","0:1","constant",0,1,0,0,0,0,2,0,0,0,0,0,0,0,0,0,TRUE,652.058201223796,1713872785.46574,0,0.0312087023933444,0,0,0,0,-0.16179842992295,0,NA,0,NA,0,0,0,0,NA,0,1310.11640244759,1310.94398865449,203.675946262868,5.92011605919857e-45,5.81419838357189e-45
"102",102,"unconstrained","0:1","constant",0,1,2,0,3,4,0,0,0,0,0,0,0,0,0,0,TRUE,649.379929927526,1713872785.46574,0,0.031198141997561,-0.238120525805716,0,0.284100768164518,-0.367095382932091,0,0,NA,0,NA,NA,0,NA,NA,0,0,1308.75985985505,1310.98208207727,203.714039685653,5.80842437343858e-45,5.70450499034944e-45
"183",183,"additive","0:1","constant",0,1,2,0,0,0,0,0,0,0,0,0,0,0,0,0,TRUE,652.08775808632,1713872785.46574,0,0.0312125428662458,-0.280608507908546,0,0,0,0,0,NA,0,NA,NA,0,0,0,0,0,1310.17551617264,1311.00310237954,203.735059987915,5.74769664326718e-45,5.64486374901737e-45
"104",104,"unconstrained","0:1","constant",0,1,2,3,0,0,4,0,0,0,0,0,0,0,0,0,TRUE,649.423125359237,1713872785.46574,0,0.0307799419960082,-0.314116294398958,0.189116469227008,0,0,-0.135733250522251,0,NA,0,NA,NA,NA,0,0,NA,0,1308.84625071847,1311.0684729407,203.800430549074,5.5628685984945e-45,5.463342490243e-45
"139",139,"unconstrained","1:2","constant",1,2,3,0,0,4,0,0,0,0,0,0,0,0,0,0,TRUE,649.581776909117,1713872785.46574,0.158972105682509,0.0311911574873328,-0.287617652222344,0,0,-0.333358104525636,0,0,NA,NA,NA,NA,0,0,NA,0,0,1309.16355381823,1311.38577604046,204.117733648835,4.74676038102641e-45,4.66183538609595e-45
"25",25,"unconstrained","1:2","constant",1,2,0,3,4,5,0,6,0,0,0,0,0,0,0,0,TRUE,646.456241608086,1713872785.46574,0.0205767669130187,0.0312120012741209,0,0.0604996225076376,0.231256983638549,-0.358968192067512,0,1.24843095602277,NA,NA,NA,0,NA,NA,NA,0,NA,1306.91248321617,1311.39248321617,204.12444082455,4.7308683655792e-45,4.64622769705727e-45
"32",32,"unconstrained","1:2","constant",1,2,3,4,0,5,0,6,0,0,0,0,0,0,0,0,TRUE,646.467284884161,1713872785.46574,0.0207547622308654,0.0312119598799834,-0.455258810029096,0.0827229806493548,0,-0.341705285983452,0,1.25736925925556,NA,NA,NA,NA,NA,0,NA,0,NA,1306.93456976832,1311.41456976832,204.146527376701,4.67891149520131e-45,4.59520039476356e-45
"49",49,"unconstrained","0:1","constant",0,1,2,3,4,0,0,5,0,0,0,0,0,0,0,0,TRUE,648.177626030189,1713872785.46574,0,0.0312000814842723,-0.333384428942075,0.174151254975108,0.464137492341721,0,0,0.715484731523269,NA,0,NA,NA,NA,NA,0,0,NA,1308.35525206038,1311.58602129115,204.317978899525,4.29451975794693e-45,4.21768586716739e-45
"181",181,"additive","0:1","constant",0,1,0,0,2,0,0,0,0,0,0,0,0,0,0,0,TRUE,652.388598837657,1713872785.46574,0,0.0312155255622298,0,0,0.333030080933727,0,0,0,NA,0,NA,0,0,NA,0,0,0,1310.77719767531,1311.60478388221,204.336741490589,4.2544199869238e-45,4.17830352710296e-45
"77",77,"unconstrained","1:2","constant",1,2,3,0,0,0,4,5,0,0,0,0,0,0,0,0,TRUE,648.316122721994,1713872785.46574,0.365416437383831,0.0311399766132022,-0.284658567526814,0,0,0,-0.063927038203902,0.747461452360723,NA,NA,NA,NA,0,0,0,NA,NA,1308.63224544399,1311.86301467476,204.594972283136,3.73909290471976e-45,3.67219623825917e-45
"45",45,"unconstrained","0:1","constant",0,1,2,0,3,4,5,0,0,0,0,0,0,0,0,0,TRUE,648.397000992224,1713872785.46574,0,0.0310304452737531,-0.31912529932487,0,0.448060776990842,-0.362905154156439,-0.137288066568377,0,NA,0,NA,NA,0,NA,NA,NA,0,1308.79400198445,1312.02477121522,204.756728823595,3.44858765869112e-45,3.38688846473091e-45
"132",132,"unconstrained","1:2","constant",1,2,0,0,3,4,0,0,0,0,0,0,0,0,0,0,TRUE,649.931700966819,1713872785.46574,0.176971240467896,0.0312057011681776,0,0,0.321070566722847,-0.332494438750462,0,0,NA,NA,NA,0,0,NA,NA,0,0,1309.86340193364,1312.08562415586,204.817581764238,3.34523954079154e-45,3.28538936335717e-45
"43",43,"unconstrained","0:1","constant",0,1,2,0,3,0,4,5,0,0,0,0,0,0,0,0,TRUE,648.445129979821,1713872785.46574,0,0.0311536495565537,-0.335295522873931,0,0.248640677371288,0,-0.0993877269954744,0.863289573957651,NA,0,NA,NA,0,NA,0,NA,NA,1308.89025995964,1312.12102919041,204.852986798789,3.28654146477053e-45,3.22774146333165e-45
"96",96,"unconstrained","0:1","constant",0,1,0,2,3,4,0,0,0,0,0,0,0,0,0,0,TRUE,649.990093276868,1713872785.46574,0,0.0312057005387354,0,-0.017128259568789,0.392540170938893,-0.331465473263773,0,0,NA,0,NA,0,NA,NA,NA,0,0,1309.98018655374,1312.20240877596,204.934366384337,3.15549694081219e-45,3.0990414764132e-45
"153",153,"unconstrained","0:1","constant",0,1,2,0,0,0,3,0,0,0,0,0,0,0,0,0,TRUE,651.439427977756,1713872785.46574,0,0.0311937588526039,-0.29018046843471,0,0,0,-0.157322918404004,0,NA,0,NA,NA,0,0,0,NA,0,1310.87885595551,1312.30742738408,205.039384992462,2.99407905013917e-45,2.9405115371948e-45
"80",80,"unconstrained","1:2","constant",1,2,3,0,4,0,0,5,0,0,0,0,0,0,0,0,TRUE,648.609758008499,1713872785.46574,0.0115935061395021,0.0312219555725442,-0.35492924107462,0,0.143658062609999,0,0,0.784572546756016,NA,NA,NA,NA,0,NA,0,0,NA,1309.219516017,1312.45028524777,205.182242856146,2.78767455836037e-45,2.73779985883208e-45
"4",4,"unconstrained","1:2","constant",1,2,0,3,4,5,6,7,0,0,0,0,0,0,0,0,TRUE,645.267072892206,1713872785.46574,0.130080228615381,0.0311138357188368,0,0.131301426268224,0.720762796953412,-0.381827302477728,0.0648589826357263,0.850619480330161,NA,NA,NA,0,NA,NA,NA,NA,NA,1306.53414578441,1312.53414578441,205.26610339279,2.6732032925354e-45,2.62537661542439e-45
"83",83,"unconstrained","1:2","constant",1,2,3,4,0,0,0,5,0,0,0,0,0,0,0,0,TRUE,648.771643422016,1713872785.46574,0.0114168795971542,0.0312219236394422,-0.349521895826759,0.0376476443631652,0,0,0,0.772619589478399,NA,NA,NA,NA,NA,0,0,0,NA,1309.54328684403,1312.7740560748,205.506013683179,2.37102498112771e-45,2.32860462106337e-45
"59",59,"unconstrained","1:0","constant",1,0,2,0,3,4,0,5,0,0,0,0,0,0,0,0,TRUE,648.821097968663,1713872785.46574,15.4401200454883,0,0.185406991591133,0,0.789391526291378,-11.0172464947132,0,-3.11260874567302,NA,NA,0,NA,0,NA,NA,0,NA,1309.64219593733,1312.8729651681,205.604922776474,2.25661927319078e-45,2.21624576263783e-45
"155",155,"additive","0:1","constant",0,1,2,0,3,0,0,0,0,0,0,0,0,0,0,0,TRUE,651.724854289135,1713872785.46574,0,0.0312075735643834,-0.306499465964441,0,0.376957805854765,0,0,0,NA,0,NA,NA,0,NA,0,0,0,1311.44970857827,1312.87828000684,205.610237615219,2.25063045034823e-45,2.21036408671417e-45
"156",156,"additive","0:1","constant",0,1,2,3,0,0,0,0,0,0,0,0,0,0,0,0,TRUE,651.742498823152,1713872785.46574,0,0.0311488417602182,-0.329034824100611,0.124141519468939,0,0,0,0,NA,0,NA,NA,NA,0,0,0,0,1311.4849976463,1312.91356907488,205.645526683254,2.21126741722973e-45,2.17170530346709e-45
"146",146,"unconstrained","0:1","constant",0,1,0,0,2,0,3,0,0,0,0,0,0,0,0,0,TRUE,651.781605454938,1713872785.46574,0,0.0312053253384195,0,0,0.331906734767695,0,-0.160863173042883,0,NA,0,NA,0,0,NA,0,NA,0,1311.56321090988,1312.99178233845,205.723739946826,2.12646124618266e-45,2.08841641222101e-45
"135",135,"unconstrained","1:2","constant",1,2,0,3,0,4,0,0,0,0,0,0,0,0,0,0,TRUE,650.397598224598,1713872785.46574,0.00219080853023506,0.0312200602334717,0,0.00722420377178026,0,-0.24969138805017,0,0,NA,NA,NA,0,NA,0,NA,0,0,1310.7951964492,1313.01741867142,205.749376279796,2.099377862394e-45,2.06181758127394e-45
"70",70,"unconstrained","1:2","constant",1,2,0,0,3,4,5,0,0,0,0,0,0,0,0,0,TRUE,648.9152663571,1713872785.46574,0.263025068814101,0.0310286368647498,0,0,0.439683111581139,-0.342377175922411,-0.123880482787054,0,NA,NA,NA,0,0,NA,NA,NA,0,1309.8305327142,1313.06130194497,205.793259553347,2.05381575738161e-45,2.01707063464887e-45
"51",51,"unconstrained","0:1","constant",0,1,2,3,4,5,0,0,0,0,0,0,0,0,0,0,TRUE,648.990375846369,1713872785.46574,0,0.03116461980288,-0.308368581838166,0.151683488183619,0.436283954471245,-0.342937237055549,0,0,NA,0,NA,NA,NA,NA,NA,0,0,1309.98075169274,1313.21152092351,205.943478531886,1.90520558004263e-45,1.87111926406314e-45
"1",1,"unconstrained","1:2","constant",1,2,3,4,5,6,7,8,0,0,0,0,0,0,0,0,TRUE,643.706912574513,1713872785.46574,0.434162125061055,0.031023354733514,-0.33459505810736,0.176316130294354,0.440604422813316,-0.465915406872646,0.0939858885276592,1.03679283906281,NA,NA,NA,NA,NA,NA,NA,NA,NA,1305.41382514903,1313.23991210555,205.971869713927,1.87835111925249e-45,1.84474526041921e-45
"39",39,"unconstrained","0:1","constant",0,1,0,2,3,0,4,5,0,0,0,0,0,0,0,0,TRUE,649.133556806707,1713872785.46574,0,0.0312078628797886,0,0.0412426114106377,0.157619596635235,0,0.0185053550220571,0.644590129479712,NA,0,NA,0,NA,NA,0,NA,NA,1310.26711361341,1313.49788284418,206.229840452561,1.65104588772867e-45,1.62150678055027e-45
"173",173,"socialEffectsOnly","1:2","constant",1,2,0,0,0,0,3,0,0,0,0,0,0,0,0,0,TRUE,652.039960269284,1713872785.46574,0.136943488024489,0.0312084992881411,0,0,0,0,-0.161855087409315,0,NA,NA,NA,0,0,0,0,NA,0,1312.07992053857,1313.50849196714,206.240449575518,1.64231100116706e-45,1.61292817114138e-45
"41",41,"unconstrained","0:1","constant",0,1,0,2,3,4,5,0,0,0,0,0,0,0,0,0,TRUE,649.14026843521,1713872785.46574,0,0.0310593119041236,0,-0.00490001000937348,0.501758189511008,-0.336808697164365,-0.119440254285045,0,NA,0,NA,0,NA,NA,NA,NA,0,1310.28053687042,1313.51130610119,206.243263709569,1.64000178450415e-45,1.61066026901673e-45
"68",68,"unconstrained","1:2","constant",1,2,0,0,3,0,4,5,0,0,0,0,0,0,0,0,TRUE,649.150952267159,1713872785.46574,0.0141112331077623,0.0312078659878904,0,0,0.156333054125162,0,0.0188884689936804,0.645862971392462,NA,NA,NA,0,0,NA,0,NA,NA,1310.30190453432,1313.53267376509,206.264631373466,1.62257354700099e-45,1.59354384269905e-45
"74",74,"unconstrained","1:2","constant",1,2,0,3,4,0,0,5,0,0,0,0,0,0,0,0,TRUE,649.159844578281,1713872785.46574,0.0122051245696112,0.0312220891937344,0,0.0402469216331714,0.151236799104939,0,0,0.825962979278319,NA,NA,NA,0,NA,NA,0,0,NA,1310.31968915656,1313.55045838733,206.28241599571,1.60820907951267e-45,1.57943637203186e-45
"66",66,"unconstrained","1:0","constant",1,0,2,3,4,5,0,0,0,0,0,0,0,0,0,0,TRUE,649.162203056027,1713872785.46574,14.5083192816774,0,0.0556634532960657,0.650317733290649,0.670147069520926,-11.8019671725546,0,0,NA,NA,0,NA,NA,NA,NA,0,0,1310.32440611205,1313.55517534282,206.287132951202,1.60442062343877e-45,1.57571569578822e-45
"177",177,"additive","1:2","constant",1,2,3,0,0,0,0,0,0,0,0,0,0,0,0,0,TRUE,652.068694137908,1713872785.46574,0.143013382277002,0.0312123190731421,-0.280905678158191,0,0,0,0,0,NA,NA,NA,NA,0,0,0,0,0,1312.13738827582,1313.56595970439,206.297917312767,1.595792580276e-45,1.56724201822705e-45
"71",71,"unconstrained","1:2","constant",1,2,0,3,0,0,4,5,0,0,0,0,0,0,0,0,TRUE,649.184829739382,1713872785.46574,0.151231398258629,0.0311953904275134,0,-0.0608284915680889,0,0,-0.0401897222227296,0.740851594751538,NA,NA,NA,0,NA,0,0,NA,NA,1310.36965947876,1313.60042870953,206.332386317911,1.56852553088284e-45,1.54046280766408e-45
"116",116,"unconstrained","1:0","constant",1,0,0,2,3,4,0,0,0,0,0,0,0,0,0,0,TRUE,650.710420779996,1713872785.46574,15.419906056653,0,0,0.260984882532388,-0.49376752880802,-11.6863324217181,0,0,NA,NA,0,0,NA,NA,NA,0,0,1311.42084155999,1313.64306378221,206.375021390593,1.53544231010167e-45,1.50797148369918e-45
"149",149,"unconstrained","0:1","constant",0,1,0,2,0,0,3,0,0,0,0,0,0,0,0,0,TRUE,652.113526942063,1713872785.46574,0,0.0312201381240929,0,0.0103175877084633,0,0,-0.16905012034988,0,NA,0,NA,0,NA,0,0,NA,0,1312.22705388413,1313.6556253127,206.387582921075,1.52582877917938e-45,1.49852994988635e-45
"85",85,"unconstrained","1:2","constant",1,2,3,4,0,5,0,0,0,0,0,0,0,0,0,0,TRUE,649.271801610257,1713872785.46574,0.411826061081147,0.0311353523981792,-0.309914416822286,0.094861120277529,0,-0.364993657397018,0,0,NA,NA,NA,NA,NA,0,NA,0,0,1310.54360322051,1313.77437245128,206.506330059662,1.43787187358461e-45,1.41214669435229e-45
"82",82,"unconstrained","1:2","constant",1,2,3,0,4,5,0,0,0,0,0,0,0,0,0,0,TRUE,649.350575013616,1713872785.46574,0.235427220773735,0.0311977068906342,-0.237371295014611,0,0.285519347320757,-0.368098509962714,0,0,NA,NA,NA,NA,0,NA,NA,0,0,1310.70115002723,1313.931919258,206.663876866379,1.32895211940007e-45,1.30517563966581e-45
"8",8,"unconstrained","1:2","constant",1,2,3,4,5,6,0,7,0,0,0,0,0,0,0,0,TRUE,646.062845853565,1713872785.46574,0.0206715196233435,0.031211870306285,-0.457702240037818,0.0915373521732225,0.240929176061526,-0.345146373584543,0,1.2532378146826,NA,NA,NA,NA,NA,NA,NA,0,NA,1308.12569170713,1314.12569170713,206.857649315509,1.20623571001089e-45,1.18465476778194e-45
"175",175,"additive","1:2","constant",1,2,0,0,3,0,0,0,0,0,0,0,0,0,0,0,TRUE,652.366912136717,1713872785.46574,0.162035784622203,0.0312152113071691,0,0,0.335149855848129,0,0,0,NA,NA,NA,0,0,NA,0,0,0,1312.73382427343,1314.162395702,206.894353310383,1.18430076599976e-45,1.16311226511172e-45
"151",151,"additive","0:1","constant",0,1,0,2,3,0,0,0,0,0,0,0,0,0,0,0,TRUE,652.413368479541,1713872785.46574,0,0.0312230023300171,0,0.0642420092166575,0.241403692851376,0,0,0,NA,0,NA,0,NA,NA,0,0,0,1312.82673695908,1314.25530838765,206.987265996031,1.13054089542491e-45,1.11031422036535e-45
"101",101,"unconstrained","0:1","constant",0,1,2,0,3,0,4,0,0,0,0,0,0,0,0,0,TRUE,651.160590460819,1713872785.46574,0,0.031199795516953,-0.23802567153684,0,0.319036608508221,0,-0.169093668726803,0,NA,0,NA,NA,0,NA,0,NA,0,1312.32118092164,1314.54340314386,207.275360752238,9.7887513168209e-46,9.61361931325918e-46
"34",34,"unconstrained","1:2","constant",1,2,3,4,5,0,0,6,0,0,0,0,0,0,0,0,TRUE,648.149266916806,1713872785.46574,0.212674255899721,0.0311996443013775,-0.333802968166538,0.175175196951373,0.466775928975758,0,0,0.714414018385098,NA,NA,NA,NA,NA,NA,0,0,NA,1310.29853383361,1314.77853383361,207.51049144199,8.70300663972728e-46,8.54729985543016e-46
"106",106,"additive","0:1","constant",0,1,2,3,4,0,0,0,0,0,0,0,0,0,0,0,TRUE,651.368294937002,1713872785.46574,0,0.0311627948298363,-0.367482740499958,0.12501549841592,0.432332540423453,0,0,0,NA,0,NA,NA,NA,NA,0,0,0,1312.736589874,1314.95881209623,207.690769704606,7.9528426072998e-46,7.81055711911562e-46
"138",138,"unconstrained","1:2","constant",1,2,3,0,0,0,4,0,0,0,0,0,0,0,0,0,TRUE,651.417941612368,1713872785.46574,0.155725288547314,0.0311933637977225,-0.290574448816606,0,0,0,-0.157291036388157,0,NA,NA,NA,NA,0,0,0,NA,0,1312.83588322474,1315.05810544696,207.790063055337,7.56765126179046e-46,7.43225728917454e-46
"55",55,"unconstrained","1:0","constant",1,0,0,2,3,4,0,5,0,0,0,0,0,0,0,0,TRUE,649.933518579012,1713872785.46574,12.6379611721343,0,0,0.0852713237711122,0.667024129687525,-11.1900470286307,0,-3.83244372733019,NA,NA,0,0,NA,NA,NA,0,NA,1311.86703715802,1315.09780638879,207.829763997172,7.4189109868745e-46,7.28617814860689e-46
"13",13,"unconstrained","0:1","constant",0,1,2,3,4,0,5,6,0,0,0,0,0,0,0,0,TRUE,648.32740240376,1713872785.46574,0,0.0311841278932898,-0.353420112545686,0.15160498109307,0.708579872066534,0,-0.0216920295930582,0.622594019463937,NA,0,NA,NA,NA,NA,0,NA,NA,1310.65480480752,1315.13480480752,207.866762415898,7.28292866002326e-46,7.15262870176044e-46
"76",76,"unconstrained","1:2","constant",1,2,0,3,4,5,0,0,0,0,0,0,0,0,0,0,TRUE,649.968379400393,1713872785.46574,0.179117892509677,0.0312054043829948,0,-0.0176337580137776,0.395016613930349,-0.332031540958916,0,0,NA,NA,NA,0,NA,NA,NA,0,0,1311.93675880079,1315.16752803155,207.899485639933,7.16473774057479e-46,7.03655235360465e-46
"30",30,"unconstrained","1:2","constant",1,2,3,0,4,5,6,0,0,0,0,0,0,0,0,0,TRUE,648.355660620306,1713872785.46574,0.306947527370696,0.0310288404736721,-0.319447040080408,0,0.44994710786332,-0.363936850772681,-0.137748559105521,0,NA,NA,NA,NA,0,NA,NA,NA,0,1310.71132124061,1315.19132124061,207.92327884899,7.08000669432238e-46,6.95333724308436e-46
"28",28,"unconstrained","1:2","constant",1,2,3,0,4,0,5,6,0,0,0,0,0,0,0,0,TRUE,648.418502270464,1713872785.46574,0.344105944401576,0.0311523820393602,-0.337667018845883,0,0.248355929650807,0,-0.101613381361708,0.867705326778316,NA,NA,NA,NA,0,NA,0,NA,NA,1310.83700454093,1315.31700454093,208.048962149306,6.648778829035e-46,6.52982453957759e-46
"140",140,"additive","1:2","constant",1,2,3,0,4,0,0,0,0,0,0,0,0,0,0,0,TRUE,651.70057232492,1713872785.46574,0.180614069330867,0.0312071740700274,-0.307489169329703,0,0.379827738305297,0,0,0,NA,NA,NA,NA,0,NA,0,0,0,1313.40114464984,1315.62336687206,208.355324480442,5.70448117775388e-46,5.6024214578156e-46
"131",131,"unconstrained","1:2","constant",1,2,0,0,3,0,4,0,0,0,0,0,0,0,0,0,TRUE,651.75900368114,1713872785.46574,0.167500430735481,0.0312049708857855,0,0,0.334234995132033,0,-0.160800435974077,0,NA,NA,NA,0,0,NA,0,NA,0,1313.51800736228,1315.7402295845,208.47218719288,5.38071185935628e-46,5.28444474437727e-46
"95",95,"unconstrained","0:1","constant",0,1,0,2,3,0,4,0,0,0,0,0,0,0,0,0,TRUE,651.794014045242,1713872785.46574,0,0.0312154511249015,0,0.100745858930861,0.392360704227192,0,-0.165982121352235,0,NA,0,NA,0,NA,NA,0,NA,0,1313.58802809048,1315.81025031271,208.542207921085,5.19559066680305e-46,5.10263558257283e-46
"109",109,"unconstrained","1:0","constant",1,0,0,0,2,3,0,4,0,0,0,0,0,0,0,0,TRUE,652.052298964719,1713872785.46574,10.402613992949,0,0,0,0.773509076153383,-10.7306671578948,0,-4.07919792651304,NA,NA,0,0,0,NA,NA,0,NA,1314.10459792944,1316.32682015166,209.058777760039,4.01294504804657e-46,3.94114885221925e-46
"36",36,"unconstrained","1:2","constant",1,2,3,4,5,6,0,0,0,0,0,0,0,0,0,0,TRUE,648.938261195688,1713872785.46574,0.393465927213873,0.0311631107888527,-0.304988644858085,0.150507874712381,0.433746346380492,-0.345997734107738,0,0,NA,NA,NA,NA,NA,NA,NA,0,0,1311.87652239138,1316.35652239138,209.088479999755,3.95378867660497e-46,3.88305085620457e-46
"50",50,"unconstrained","0:1","constant",0,1,2,3,4,0,5,0,0,0,0,0,0,0,0,0,TRUE,650.718617476276,1713872785.46574,0,0.0311424617709313,-0.26830156130776,0.139620963854153,0.425784710768974,0,-0.169218203463856,0,NA,0,NA,NA,NA,NA,0,NA,0,1313.43723495255,1316.66800418332,209.3999617917,3.38357682386849e-46,3.32304074840901e-46
"26",26,"unconstrained","1:2","constant",1,2,0,3,4,5,6,0,0,0,0,0,0,0,0,0,TRUE,649.108566864253,1713872785.46574,0.251189446484226,0.031058756008077,0,-0.00479375331310852,0.503476300694671,-0.337221713721159,-0.119627865622495,0,NA,NA,NA,0,NA,NA,NA,NA,0,1312.21713372851,1316.69713372851,209.429091336885,3.33465294432853e-46,3.27499217326372e-46
"24",24,"unconstrained","1:2","constant",1,2,0,3,4,0,5,6,0,0,0,0,0,0,0,0,TRUE,649.131783555071,1713872785.46574,0.0140786134127637,0.0312078477720715,0,0.0412343352674648,0.157585888005607,0,0.0184685103600488,0.644464949848577,NA,NA,NA,0,NA,NA,0,NA,NA,1312.26356711014,1316.74356711014,209.475524718521,3.25812513659809e-46,3.19983353590672e-46
"136",136,"additive","1:2","constant",1,2,0,3,4,0,0,0,0,0,0,0,0,0,0,0,TRUE,652.411184016679,1713872785.46574,0.0194227876616057,0.0312229748281968,0,0.0640475337267414,0.240672907783591,0,0,0,NA,NA,NA,0,NA,NA,0,0,0,1314.82236803336,1317.04459025558,209.776547863958,2.80286005969446e-46,2.75271367410656e-46
"15",15,"unconstrained","0:1","constant",0,1,2,3,4,5,6,0,0,0,0,0,0,0,0,0,TRUE,649.440971756126,1713872785.46574,0,0.0311893324793945,-0.423173390074127,0.391993904177855,0.806342743974268,-0.292313469348337,-0.0355833904143673,0,NA,0,NA,NA,NA,NA,NA,NA,0,1312.88194351225,1317.36194351225,210.09390112063,2.3916026771261e-46,2.34881415844661e-46
"81",81,"unconstrained","1:2","constant",1,2,3,0,4,0,5,0,0,0,0,0,0,0,0,0,TRUE,651.130432960655,1713872785.46574,0.221702878209561,0.031199107709764,-0.236458919776244,0,0.320704024045179,0,-0.169322234175604,0,NA,NA,NA,NA,0,NA,0,NA,0,1314.26086592131,1317.49163515208,210.223592760458,2.24143861261938e-46,2.20133670151923e-46
"158",158,"socialEffectsOnly","1:0","constant",1,0,0,0,0,2,0,3,0,0,0,0,0,0,0,0,TRUE,654.137740646039,1713872785.46574,8.61222759800749,0,0,0,0,-10.9356593408927,0,-3.40186658372127,NA,NA,0,0,0,0,NA,0,NA,1316.27548129208,1317.70405272065,210.436010329029,2.01558426908432e-46,1.97952315158656e-46
"86",86,"additive","1:2","constant",1,2,3,4,5,0,0,0,0,0,0,0,0,0,0,0,TRUE,651.305259570487,1713872785.46574,0.444546238881323,0.0311597143905189,-0.373938992362098,0.120013440135068,0.428432589221126,0,0,0,NA,NA,NA,NA,NA,NA,0,0,0,1314.61051914097,1317.84128837174,210.573245980121,1.88191765771906e-46,1.8482479894164e-46
"7",7,"unconstrained","1:2","constant",1,2,3,4,5,0,6,7,0,0,0,0,0,0,0,0,TRUE,648.312510538809,1713872785.46574,0.10179073898964,0.0311841073122204,-0.352485669752307,0.152254321989823,0.708020851594899,0,-0.0215193008317544,0.623156248371307,NA,NA,NA,NA,NA,NA,0,NA,NA,1312.62502107762,1318.62502107762,211.356978685996,1.27178946302387e-46,1.24903568886421e-46
"75",75,"unconstrained","1:2","constant",1,2,0,3,4,0,5,0,0,0,0,0,0,0,0,0,TRUE,651.789281466716,1713872785.46574,0.0348940915265007,0.0312154205457932,0,0.100452321500667,0.391206705778782,0,-0.166073932927016,0,NA,NA,NA,0,NA,NA,0,NA,0,1315.57856293343,1318.8093321642,211.541289772579,1.15982530128551e-46,1.13907469457159e-46
"35",35,"unconstrained","1:2","constant",1,2,3,4,5,0,6,0,0,0,0,0,0,0,0,0,TRUE,650.654606040177,1713872785.46574,0.476784154777022,0.0311399813583391,-0.260217888758021,0.137358342591823,0.421113739937522,0,-0.170423248991733,0,NA,NA,NA,NA,NA,NA,0,NA,0,1315.30921208035,1319.78921208035,212.521169688733,7.10582255654584e-47,6.97869122988281e-47
"9",9,"unconstrained","1:2","constant",1,2,3,4,5,6,7,0,0,0,0,0,0,0,0,0,TRUE,649.424757697022,1713872785.46574,0.0874673916195317,0.0311892236729905,-0.424086100741848,0.390629240441762,0.803814776043927,-0.292084089457243,-0.0354779848421409,0,NA,NA,NA,NA,NA,NA,NA,NA,0,1314.84951539404,1320.84951539404,213.581473002422,4.18188821037306e-47,4.10706942733837e-47
"169",169,"unconstrained","1:0","constant",1,0,2,0,0,3,0,0,0,0,0,0,0,0,0,0,TRUE,655.842434981987,1713872785.46574,14.3473225625033,0,0.964049250197896,0,0,-10.6281942628557,0,0,NA,NA,0,NA,0,0,NA,0,0,1319.68486996397,1321.11344139254,213.845399000923,3.66489567696638e-47,3.59932648412675e-47
"186",186,"socialEffectsOnly","1:0","constant",1,0,0,0,0,2,0,0,0,0,0,0,0,0,0,0,TRUE,659.092741895692,1713872785.46574,13.3467738070521,0,0,0,0,-9.33344038636225,0,0,NA,NA,0,0,0,0,NA,0,0,1324.18548379138,1325.01306999828,217.745027606658,5.21516465022655e-48,5.12185936495191e-48
"20",20,"unconstrained","1:0","constant",1,0,2,3,4,5,0,6,0,0,0,0,0,0,0,0,TRUE,654.834726151374,1713872785.46574,14.5236134161377,0,-0.112255918338531,0.808794033039727,1.10941722944729,-10.4288131184117,0,-5.95743834680616,NA,NA,0,NA,NA,NA,NA,0,NA,1323.66945230275,1328.14945230275,220.881409911126,1.08695423827649e-48,1.06750737857313e-48
"118",118,"unconstrained","1:0","constant",1,0,2,0,0,3,0,4,0,0,0,0,0,0,0,0,TRUE,658.772300039153,1713872785.46574,13.5889918659211,0,0.686532053441201,0,0,-9.12680326346084,0,-3.08239555257743,NA,NA,0,NA,0,0,NA,0,NA,1327.54460007831,1329.76682230053,222.498779908906,4.84176634882354e-49,4.75514158801364e-49
"123",123,"unconstrained","1:0","constant",1,0,2,3,0,0,0,4,0,0,0,0,0,0,0,0,TRUE,665.926095042905,1713872785.46574,38.0011874315837,0,-0.473844093052454,0.270647705059951,0,0,0,-8.35231535512057,NA,NA,0,NA,NA,0,0,0,NA,1341.85219008581,1344.07441230803,236.806369916412,3.78573432562664e-52,3.71800319057777e-52
"170",170,"additive","1:0","constant",1,0,2,0,3,0,0,0,0,0,0,0,0,0,0,0,TRUE,672.581693372725,1713872785.46574,36.7652990390214,0,-0.249792967790944,0,0.573119575504809,0,0,0,NA,NA,0,NA,0,NA,0,0,0,1353.16338674545,1354.59195817402,247.323915782399,1.96921922259102e-54,1.93398762902586e-54
"160",160,"unconstrained","1:0","constant",1,0,0,0,2,0,0,3,0,0,0,0,0,0,0,0,TRUE,672.806562574661,1713872785.46574,24.8321561562997,0,0,0,0.97722551812351,0,0,-9.01966834680715,NA,NA,0,0,0,NA,0,0,NA,1353.61312514932,1355.04169657789,247.773654186272,1.57265917485461e-54,1.54452249599765e-54
"113",113,"unconstrained","1:0","constant",1,0,0,2,0,3,4,0,0,0,0,0,0,0,0,0,TRUE,673.864632837495,1713872785.46574,7.07250402456777,0,0,-0.557397161451065,0,-2.79028231496331,-6.87097780303603,0,NA,NA,0,0,NA,0,NA,NA,0,1357.72926567499,1359.95148789721,252.683445505592,1.35047632273669e-55,1.32631475028392e-55
"120",120,"unconstrained","1:0","constant",1,0,2,0,3,0,0,4,0,0,0,0,0,0,0,0,TRUE,674.299446507646,1713872785.46574,22.6419432073053,0,-0.135774705704204,0,0.884570582497976,0,0,-9.2547936030275,NA,NA,0,NA,0,NA,0,0,NA,1358.59889301529,1360.82111523751,253.553072845892,8.74278496437827e-56,8.58636650016724e-56
"53",53,"unconstrained","1:0","constant",1,0,0,2,0,3,4,5,0,0,0,0,0,0,0,0,TRUE,673.306717753062,1713872785.46574,7.12844277644534,0,0,-0.579055534907042,0,-2.82832097262855,-6.87802020058912,-1.01633986620997,NA,NA,0,0,NA,0,NA,NA,NA,1358.61343550612,1361.84420473689,254.576162345272,5.24190003668998e-56,5.14811642464559e-56
"163",163,"unconstrained","1:0","constant",1,0,0,2,0,0,0,3,0,0,0,0,0,0,0,0,TRUE,683.025733624647,1713872785.46574,17.509531436259,0,0,0.0309425329521192,0,0,0,-6.92169526453761,NA,NA,0,0,NA,0,0,0,NA,1374.05146724929,1375.48003867787,268.211996286244,5.73462490280971e-59,5.63202587700974e-59
"184",184,"socialEffectsOnly","1:0","constant",1,0,0,0,0,0,0,2,0,0,0,0,0,0,0,0,TRUE,684.419410804983,1713872785.46574,18.5541507247091,0,0,0,0,0,0,-5.32377139893948,184816486.144966,3.56310941803158,0,0,0,0,0,0,NA,1374.83882160997,1375.66640781686,268.398365425241,5.22438858630316e-59,5.13091827421831e-59
"188",188,"additive","1:0","constant",1,0,0,2,0,0,0,0,0,0,0,0,0,0,0,0,TRUE,692.519038054741,1713872785.46574,17.3807432365332,0,0,0.109362560738543,0,0,0,0,NA,NA,0,0,NA,0,0,0,0,1391.03807610948,1391.86566231638,284.597619924756,1.58639762838009e-62,1.55801515281078e-62
"64",64,"unconstrained","1:0","constant",1,0,2,3,4,0,0,5,0,0,0,0,0,0,0,0,TRUE,689.112299588725,1713872785.46574,12.7789655548622,0,-0.261320925008856,-0.0925983032000914,0.0508504344991433,0,0,-7.22627113393169,NA,NA,0,NA,NA,NA,0,0,NA,1390.22459917745,1393.45536840822,286.187326016598,7.16492683888777e-63,7.03673806873163e-63
"167",167,"unconstrained","1:0","constant",1,0,2,0,0,0,0,3,0,0,0,0,0,0,0,0,TRUE,697.226152230536,1713872785.46574,9.84521089949337,0,0.213781545101526,0,0,0,0,-6.3029039299922,NA,NA,0,NA,0,0,0,0,NA,1402.45230446107,1403.88087588964,296.612833498022,3.90248798888229e-65,3.83266799670473e-65
"187",187,"additive","1:0","constant",1,0,0,0,2,0,0,0,0,0,0,0,0,0,0,0,TRUE,699.635300478905,1713872785.46574,13.2226869788607,0,0,0,-0.177252699939827,0,0,0,NA,NA,0,0,0,NA,0,0,0,1405.27060095781,1406.09818716471,298.830144773084,1.28783003435608e-65,1.26478927595248e-65
"171",171,"additive","1:0","constant",1,0,2,3,0,0,0,0,0,0,0,0,0,0,0,0,TRUE,702.832096350452,1713872785.46574,11.2455352376271,0,-0.164700874821016,-0.0869508647032598,0,0,0,0,NA,NA,0,NA,NA,0,0,0,0,1413.6641927009,1415.09276412947,307.824721737853,1.434534435923e-67,1.40886896728353e-67
"189",189,"additive","1:0","constant",1,0,2,0,0,0,0,0,0,0,0,0,0,0,0,0,TRUE,720.426753365639,1713872785.46574,4.9986454305034,0,-0.37443260702737,0,0,0,0,0,NA,NA,0,NA,0,0,0,0,0,1446.85350673128,1447.68109293817,340.413050546552,1.20294366638172e-74,1.18142162259424e-74
"114",114,"unconstrained","1:0","constant",1,0,0,2,3,0,0,4,0,0,0,0,0,0,0,0,TRUE,723.65653808624,1713872785.46574,4.36062874695265,0,0,-0.340826196624002,1.13194205995287,0,0,-1.30491469271101,NA,NA,0,0,NA,NA,0,0,NA,1457.31307617248,1459.5352983947,352.267256003081,3.20728299268087e-77,3.14990101633703e-77
"166",166,"additive","1:0","constant",1,0,0,2,3,0,0,0,0,0,0,0,0,0,0,0,TRUE,731.772376225566,1713872785.46574,4.43056949510465,0,0,-0.873580981464794,1.14870924636941,0,0,0,NA,NA,0,0,NA,NA,0,0,0,1471.54475245113,1472.9733238797,365.705281488082,3.87353177984525e-80,3.80422984750394e-80
"126",126,"additive","1:0","constant",1,0,2,3,4,0,0,0,0,0,0,0,0,0,0,0,TRUE,732.606420688622,1713872785.46574,4.45051777686022,0,0.64154871186416,-0.460021425522888,1.3499917714021,0,0,0,NA,NA,0,NA,NA,NA,0,0,0,1475.21284137724,1477.43506359947,370.167021207845,4.16152639394561e-81,4.08707190719261e-81
"192",192,"noILVs","1:0","constant",1,0,0,0,0,0,0,0,0,0,0,0,0,0,0,0,TRUE,737.517783064985,1713872785.46574,1.86688501037525,0,0,0,0,0,0,0,NA,NA,0,0,0,0,0,0,0,1479.03556612997,1479.43556612997,372.167523738348,1.53055538052276e-81,1.50317198690314e-81
"200",200,"asocial","0:0","constant",0,0,0,0,0,0,0,0,0,0,0,0,0,0,0,0,TRUE,760.649742696249,1713872785.46574,0,0,0,0,0,0,0,0,185888965.931821,0,0,0,0,0,0,0,0,1523.2994853925,1523.42851765056,416.160475258941,4.28450845701416e-91,4.20785367990642e-91
"199",199,"asocial","0:0","constant",0,0,1,0,0,0,0,0,0,0,0,0,0,0,0,0,TRUE,760.10438205394,1713872785.46574,0,0,-0.273188459938656,0,0,0,0,0,NA,0,0,NA,0,0,0,0,0,1524.20876410788,1524.60876410788,417.340721716258,2.37472728690931e-91,2.3322406883424e-91
"197",197,"asocial","0:0","constant",0,0,0,0,1,0,0,0,0,0,0,0,0,0,0,0,TRUE,760.319414514416,1713872785.46574,0,0,0,0,0.358635403563449,0,0,0,NA,0,0,0,0,NA,0,0,0,1524.63882902883,1525.03882902883,417.77078663721,1.91525379495381e-91,1.88098770486905e-91
"198",198,"asocial","0:0","constant",0,0,0,1,0,0,0,0,0,0,0,0,0,0,0,0,TRUE,760.426907650587,1713872785.46574,0,0,0,-0.178067601590453,0,0,0,0,NA,0,0,0,NA,0,0,0,0,1524.85381530117,1525.25381530117,417.985772909552,1.72005627391424e-91,1.68928249166769e-91
"195",195,"asocial","0:0","constant",0,0,1,0,2,0,0,0,0,0,0,0,0,0,0,0,TRUE,759.719580073815,1713872785.46574,0,0,-0.345399483845201,0,0.469250567516068,0,0,0,NA,0,0,NA,0,NA,0,0,0,1525.43916014763,1526.26674635453,418.998703962905,1.03654335574491e-91,1.01799840462758e-91
"196",196,"asocial","0:0","constant",0,0,1,2,0,0,0,0,0,0,0,0,0,0,0,0,TRUE,759.985166734569,1713872785.46574,0,0,-0.23449615173704,-0.146555320560682,0,0,0,0,NA,0,0,NA,NA,0,0,0,0,1525.97033346914,1526.79791967603,419.529877284412,7.94775829352206e-92,7.80556376955076e-92
"194",194,"asocial","0:0","constant",0,0,0,1,2,0,0,0,0,0,0,0,0,0,0,0,TRUE,760.197789180348,1713872785.46574,0,0,0,-0.141718802707917,0.311550564504142,0,0,0,NA,0,0,0,NA,NA,0,0,0,1526.3955783607,1527.22316456759,419.95512217597,6.42545514182569e-92,6.31049636962252e-92
"193",193,"asocial","0:0","constant",0,0,1,2,3,0,0,0,0,0,0,0,0,0,0,0,TRUE,759.696932164525,1713872785.46574,0,0,-0.24455065629596,-0.0144884974341314,0.401824994509647,0,0,0,NA,0,0,NA,NA,NA,0,0,0,1527.39386432905,1528.82243575762,421.554393366,2.88819538391507e-92,2.83652225136816e-92
