period,period_start,simplex_id,ID_1,ID_2,ID_3,ID_4,ID_5,ID_6,ID_7,ID_8,ID_9,ID_10,ID_11,ID_12,ID_13,ID_14,ID_15
1,2024-05-01 09:56:00,1,A31w,E54w,NA,NA,NA,NA,NA,NA,NA,NA,NA,NA,NA,NA,NA
1,2024-05-01 09:56:00,2,E12w,E45w,NA,NA,NA,NA,NA,NA,NA,NA,NA,NA,NA,NA,NA
1,2024-05-01 09:56:00,3,E12w,E45w,E45w,NA,NA,NA,NA,NA,NA,NA,NA,NA,NA,NA,NA
2,2024-05-01 10:16:00,1,A31w,E54w,NA,NA,NA,NA,NA,NA,NA,NA,NA,NA,NA,NA,NA
2,2024-05-01 10:16:00,2,A32w,J11w,NA,NA,NA,NA,NA,NA,NA,NA,NA,NA,NA,NA,NA
2,2024-05-01 10:16:00,3,T18w,T18w,NA,NA,NA,NA,NA,NA,NA,NA,NA,NA,NA,NA,NA
3,2024-05-01 10:36:00,1,T14w,A19w,NA,NA,NA,NA,NA,NA,NA,NA,NA,NA,NA,NA,NA
3,2024-05-01 10:36:00,2,E51w,E13w,NA,NA,NA,NA,NA,NA,NA,NA,NA,NA,NA,NA,NA
3,2024-05-01 10:36:00,3,A00w,A22w,J12w,NA,NA,NA,NA,NA,NA,NA,NA,NA,NA,NA,NA
3,2024-05-01 10:36:00,4,E45w,A56w,E45w,E15w,NA,NA,NA,NA,NA,NA,NA,NA,NA,NA,NA
4,2024-05-01 10:56:00,1,A29w,J00w,NA,NA,NA,NA,NA,NA,NA,NA,NA,NA,NA,NA,NA
4,2024-05-01 10:56:00,2,A31w,E54w,NA,NA,NA,NA,NA,NA,NA,NA,NA,NA,NA,NA,NA
4,2024-05-01 10:56:00,3,A58w,A73w,NA,NA,NA,NA,NA,NA,NA,NA,NA,NA,NA,NA,NA
4,2024-05-01 10:56:00,4,T18w,J00w,NA,NA,NA,NA,NA,NA,NA,NA,NA,NA,NA,NA,NA
4,2024-05-01 10:56:00,5,E00w,J39w,NA,NA,NA,NA,NA,NA,NA,NA,NA,NA,NA,NA,NA
4,2024-05-01 10:56:00,6,J00w,T18w,NA,NA,NA,NA,NA,NA,NA,NA,NA,NA,NA,NA,NA
4,2024-05-01 10:56:00,7,A56w,E45w,T99b,NA,NA,NA,NA,NA,NA,NA,NA,NA,NA,NA,NA
4,2024-05-01 10:56:00,8,E45w,E45w,T76w,J11w,NA,NA,NA,NA,NA,NA,NA,NA,NA,NA,NA
4,2024-05-01 10:56:00,9,E45w,E06w,T76w,J11w,NA,NA,NA,NA,NA,NA,NA,NA,NA,NA,NA
5,2024-05-01 11:16:00,1,A29w,J00w,NA,NA,NA,NA,NA,NA,NA,NA,NA,NA,NA,NA,NA
5,2024-05-01 11:16:00,2,T99b,T99b,NA,NA,NA,NA,NA,NA,NA,NA,NA,NA,NA,NA,NA
5,2024-05-01 11:16:00,3,J16w,J16w,NA,NA,NA,NA,NA,NA,NA,NA,NA,NA,NA,NA,NA
5,2024-05-01 11:16:00,4,J16w,J16w,NA,NA,NA,NA,NA,NA,NA,NA,NA,NA,NA,NA,NA
5,2024-05-01 11:16:00,5,A52w,T18w,NA,NA,NA,NA,NA,NA,NA,NA,NA,NA,NA,NA,NA
5,2024-05-01 11:16:00,6,J16w,E00w,NA,NA,NA,NA,NA,NA,NA,NA,NA,NA,NA,NA,NA
5,2024-05-01 11:16:00,7,T76w,J11w,NA,NA,NA,NA,NA,NA,NA,NA,NA,NA,NA,NA,NA
5,2024-05-01 11:16:00,8,T13b,A78w,E00w,NA,NA,NA,NA,NA,NA,NA,NA,NA,NA,NA,NA
6,2024-05-01 11:36:00,1,E45w,A52w,NA,NA,NA,NA,NA,NA,NA,NA,NA,NA,NA,NA,NA
6,2024-05-01 11:36:00,2,E12w,A32w,NA,NA,NA,NA,NA,NA,NA,NA,NA,NA,NA,NA,NA
6,2024-05-01 11:36:00,3,A00w,J12w,NA,NA,NA,NA,NA,NA,NA,NA,NA,NA,NA,NA,NA
6,2024-05-01 11:36:00,4,J12w,T15w,NA,NA,NA,NA,NA,NA,NA,NA,NA,NA,NA,NA,NA
6,2024-05-01 11:36:00,5,E12w,A19w,A32w,NA,NA,NA,NA,NA,NA,NA,NA,NA,NA,NA,NA
7,2024-05-01 11:56:00,1,A19w,A19w,NA,NA,NA,NA,NA,NA,NA,NA,NA,NA,NA,NA,NA
7,2024-05-01 11:56:00,2,T14w,A05w,NA,NA,NA,NA,NA,NA,NA,NA,NA,NA,NA,NA,NA
7,2024-05-01 11:56:00,3,T90b,J39w,NA,NA,NA,NA,NA,NA,NA,NA,NA,NA,NA,NA,NA
8,2024-05-01 12:16:00,1,E52w,E00w,E79w,NA,NA,NA,NA,NA,NA,NA,NA,NA,NA,NA,NA
8,2024-05-01 12:16:00,2,A00w,A05w,T14w,J12w,J12w,A39w,NA,NA,NA,NA,NA,NA,NA,NA,NA
9,2024-05-01 12:36:00,1,E79w,E37w,NA,NA,NA,NA,NA,NA,NA,NA,NA,NA,NA,NA,NA
9,2024-05-01 12:36:00,2,J16w,E17w,NA,NA,NA,NA,NA,NA,NA,NA,NA,NA,NA,NA,NA
9,2024-05-01 12:36:00,3,E13w,T18w,NA,NA,NA,NA,NA,NA,NA,NA,NA,NA,NA,NA,NA
9,2024-05-01 12:36:00,4,A29w,A52w,NA,NA,NA,NA,NA,NA,NA,NA,NA,NA,NA,NA,NA
9,2024-05-01 12:36:00,5,E37w,E52w,NA,NA,NA,NA,NA,NA,NA,NA,NA,NA,NA,NA,NA
9,2024-05-01 12:36:00,6,A29w,A58w,J16w,A73w,NA,NA,NA,NA,NA,NA,NA,NA,NA,NA,NA
10,2024-05-01 12:56:00,1,T18w,E12w,NA,NA,NA,NA,NA,NA,NA,NA,NA,NA,NA,NA,NA
10,2024-05-01 12:56:00,2,A52w,J16w,NA,NA,NA,NA,NA,NA,NA,NA,NA,NA,NA,NA,NA
10,2024-05-01 12:56:00,3,A52w,A73w,NA,NA,NA,NA,NA,NA,NA,NA,NA,NA,NA,NA,NA
10,2024-05-01 12:56:00,4,T14w,A05w,NA,NA,NA,NA,NA,NA,NA,NA,NA,NA,NA,NA,NA
10,2024-05-01 12:56:00,5,T15w,A16w,NA,NA,NA,NA,NA,NA,NA,NA,NA,NA,NA,NA,NA
10,2024-05-01 12:56:00,6,J39w,A16w,A39w,NA,NA,NA,NA,NA,NA,NA,NA,NA,NA,NA,NA
10,2024-05-01 12:56:00,7,A56w,A57w,E13w,E11w,NA,NA,NA,NA,NA,NA,NA,NA,NA,NA,NA
11,2024-05-01 13:16:00,1,Y26b,E38w,NA,NA,NA,NA,NA,NA,NA,NA,NA,NA,NA,NA,NA
11,2024-05-01 13:16:00,2,A29w,E00w,NA,NA,NA,NA,NA,NA,NA,NA,NA,NA,NA,NA,NA
11,2024-05-01 13:16:00,3,A58w,J16w,NA,NA,NA,NA,NA,NA,NA,NA,NA,NA,NA,NA,NA
11,2024-05-01 13:16:00,4,E52w,E79w,NA,NA,NA,NA,NA,NA,NA,NA,NA,NA,NA,NA,NA
11,2024-05-01 13:16:00,5,E38w,E52w,Y26b,NA,NA,NA,NA,NA,NA,NA,NA,NA,NA,NA,NA
11,2024-05-01 13:16:00,6,J12w,A00w,T79w,NA,NA,NA,NA,NA,NA,NA,NA,NA,NA,NA,NA
11,2024-05-01 13:16:00,7,J12w,J39w,T15w,NA,NA,NA,NA,NA,NA,NA,NA,NA,NA,NA,NA
11,2024-05-01 13:16:00,8,T15w,T79w,NA,NA,NA,NA,NA,NA,NA,NA,NA,NA,NA,NA,NA
12,2024-05-01 13:36:00,1,E16w,E00w,NA,NA,NA,NA,NA,NA,NA,NA,NA,NA,NA,NA,NA
12,2024-05-01 13:36:00,2,A73w,E16w,NA,NA,NA,NA,NA,NA,NA,NA,NA,NA,NA,NA,NA
12,2024-05-01 13:36:00,3,A78w,A78w,J12w,NA,NA,NA,NA,NA,NA,NA,NA,NA,NA,NA,NA
12,2024-05-01 13:36:00,4,E52w,E79w,T13b,NA,NA,NA,NA,NA,NA,NA,NA,NA,NA,NA,NA
12,2024-05-01 13:36:00,5,A00w,A31w,E54w,A39w,NA,NA,NA,NA,NA,NA,NA,NA,NA,NA,NA
12,2024-05-01 13:36:00,6,E79w,E52w,T13b,T13b,E79w,NA,NA,NA,NA,NA,NA,NA,NA,NA,NA
13,2024-05-01 13:56:00,1,J12w,A78w,T15w,NA,NA,NA,NA,NA,NA,NA,NA,NA,NA,NA,NA
13,2024-05-01 13:56:00,2,T15w,A16w,T14w,J39w,E06w,A75w,A39w,A31w,NA,NA,NA,NA,NA,NA,NA
14,2024-05-01 14:16:00,1,T90b,A16w,T15w,J12w,NA,NA,NA,NA,NA,NA,NA,NA,NA,NA,NA
15,2024-05-01 14:36:00,1,J00w,A56w,J11w,E45w,E12w,A73w,NA,NA,NA,NA,NA,NA,NA,NA,NA
16,2024-05-01 14:56:00,1,E16w,A56w,E00w,A58w,NA,NA,NA,NA,NA,NA,NA,NA,NA,NA,NA
17,2024-05-01 15:16:00,1,E00w,A56w,NA,NA,NA,NA,NA,NA,NA,NA,NA,NA,NA,NA,NA
17,2024-05-01 15:16:00,2,A56w,T18w,NA,NA,NA,NA,NA,NA,NA,NA,NA,NA,NA,NA,NA
17,2024-05-01 15:16:00,3,A57w,A58w,J00w,E11w,A73w,NA,NA,NA,NA,NA,NA,NA,NA,NA,NA
17,2024-05-01 15:16:00,4,A73w,A57w,Y27b,T18w,J00w,J00w,E11w,E00w,A58w,A58w,NA,NA,NA,NA,NA
17,2024-05-01 15:16:00,5,E11w,A56w,Y27b,T18w,J11w,J00w,J00w,E45w,E45w,E13w,E12w,E00w,A58w,A58w,A57w
18,2024-05-01 15:36:00,1,A58w,E12w,NA,NA,NA,NA,NA,NA,NA,NA,NA,NA,NA,NA,NA
18,2024-05-01 15:36:00,2,A58w,A56w,NA,NA,NA,NA,NA,NA,NA,NA,NA,NA,NA,NA,NA
18,2024-05-01 15:36:00,3,A56w,E00w,J00w,NA,NA,NA,NA,NA,NA,NA,NA,NA,NA,NA,NA
18,2024-05-01 15:36:00,4,E00w,E12w,E13w,NA,NA,NA,NA,NA,NA,NA,NA,NA,NA,NA,NA
18,2024-05-01 15:36:00,5,E13w,A57w,J11w,E11w,E00w,NA,NA,NA,NA,NA,NA,NA,NA,NA,NA
18,2024-05-01 15:36:00,6,E45w,A56w,J11w,J00w,A58w,A57w,NA,NA,NA,NA,NA,NA,NA,NA,NA
18,2024-05-01 15:36:00,7,J00w,A56w,J11w,E11w,E00w,A58w,A57w,NA,NA,NA,NA,NA,NA,NA,NA
19,2024-05-01 15:56:00,1,T15w,J39w,NA,NA,NA,NA,NA,NA,NA,NA,NA,NA,NA,NA,NA
19,2024-05-01 15:56:00,2,A58w,A57w,J11w,J00w,E45w,E13w,E00w,NA,NA,NA,NA,NA,NA,NA,NA
19,2024-05-01 15:56:00,3,E13w,A56w,T76w,J11w,J00w,E45w,E12w,E00w,A57w,NA,NA,NA,NA,NA,NA
27,2024-05-02 05:36:00,1,J00w,T99b,Y27b,NA,NA,NA,NA,NA,NA,NA,NA,NA,NA,NA,NA
27,2024-05-02 05:36:00,2,A29w,A58w,E16w,NA,NA,NA,NA,NA,NA,NA,NA,NA,NA,NA,NA
28,2024-05-02 05:56:00,1,T79w,A75w,NA,NA,NA,NA,NA,NA,NA,NA,NA,NA,NA,NA,NA
28,2024-05-02 05:56:00,2,J00w,J00w,NA,NA,NA,NA,NA,NA,NA,NA,NA,NA,NA,NA,NA
29,2024-05-02 06:16:00,1,Y26b,E37w,NA,NA,NA,NA,NA,NA,NA,NA,NA,NA,NA,NA,NA
29,2024-05-02 06:16:00,2,E76w,J16w,NA,NA,NA,NA,NA,NA,NA,NA,NA,NA,NA,NA,NA
29,2024-05-02 06:16:00,3,T90b,A16w,NA,NA,NA,NA,NA,NA,NA,NA,NA,NA,NA,NA,NA
29,2024-05-02 06:16:00,4,T99b,A56w,NA,NA,NA,NA,NA,NA,NA,NA,NA,NA,NA,NA,NA
29,2024-05-02 06:16:00,5,E34w,A56w,E11w,NA,NA,NA,NA,NA,NA,NA,NA,NA,NA,NA,NA
30,2024-05-02 06:36:00,1,E12w,E00w,NA,NA,NA,NA,NA,NA,NA,NA,NA,NA,NA,NA,NA
30,2024-05-02 06:36:00,2,A19w,A57w,NA,NA,NA,NA,NA,NA,NA,NA,NA,NA,NA,NA,NA
30,2024-05-02 06:36:00,3,A57w,A19w,NA,NA,NA,NA,NA,NA,NA,NA,NA,NA,NA,NA,NA
31,2024-05-02 06:56:00,1,E52w,J34w,NA,NA,NA,NA,NA,NA,NA,NA,NA,NA,NA,NA,NA
31,2024-05-02 06:56:00,2,A78w,E06w,NA,NA,NA,NA,NA,NA,NA,NA,NA,NA,NA,NA,NA
31,2024-05-02 06:56:00,3,E12w,E13w,NA,NA,NA,NA,NA,NA,NA,NA,NA,NA,NA,NA,NA
31,2024-05-02 06:56:00,4,E37w,E52w,NA,NA,NA,NA,NA,NA,NA,NA,NA,NA,NA,NA,NA
31,2024-05-02 06:56:00,5,J12w,J39w,T15w,T14w,NA,NA,NA,NA,NA,NA,NA,NA,NA,NA,NA
31,2024-05-02 06:56:00,6,T15w,A22w,J17w,J12w,NA,NA,NA,NA,NA,NA,NA,NA,NA,NA,NA
32,2024-05-02 07:16:00,1,A00w,J12w,NA,NA,NA,NA,NA,NA,NA,NA,NA,NA,NA,NA,NA
32,2024-05-02 07:16:00,2,J11w,A57w,T18w,NA,NA,NA,NA,NA,NA,NA,NA,NA,NA,NA,NA
32,2024-05-02 07:16:00,3,E54w,J12w,T15w,T15w,NA,NA,NA,NA,NA,NA,NA,NA,NA,NA,NA
32,2024-05-02 07:16:00,4,T14w,A00w,T15w,T15w,J12w,NA,NA,NA,NA,NA,NA,NA,NA,NA,NA
32,2024-05-02 07:16:00,5,A57w,A19w,T99b,J11w,A73w,NA,NA,NA,NA,NA,NA,NA,NA,NA,NA
33,2024-05-02 07:36:00,1,E54w,J39w,NA,NA,NA,NA,NA,NA,NA,NA,NA,NA,NA,NA,NA
33,2024-05-02 07:36:00,2,A39w,T14w,NA,NA,NA,NA,NA,NA,NA,NA,NA,NA,NA,NA,NA
33,2024-05-02 07:36:00,3,J39w,T15w,NA,NA,NA,NA,NA,NA,NA,NA,NA,NA,NA,NA,NA
33,2024-05-02 07:36:00,4,T79w,A75w,E37w,NA,NA,NA,NA,NA,NA,NA,NA,NA,NA,NA,NA
33,2024-05-02 07:36:00,5,A00w,J12w,T15w,J39w,NA,NA,NA,NA,NA,NA,NA,NA,NA,NA,NA
34,2024-05-02 07:56:00,1,A00w,J12w,NA,NA,NA,NA,NA,NA,NA,NA,NA,NA,NA,NA,NA
34,2024-05-02 07:56:00,2,A31w,J17w,NA,NA,NA,NA,NA,NA,NA,NA,NA,NA,NA,NA,NA
34,2024-05-02 07:56:00,3,A39w,J17w,NA,NA,NA,NA,NA,NA,NA,NA,NA,NA,NA,NA,NA
34,2024-05-02 07:56:00,4,E38w,T14w,NA,NA,NA,NA,NA,NA,NA,NA,NA,NA,NA,NA,NA
34,2024-05-02 07:56:00,5,E76w,E76w,NA,NA,NA,NA,NA,NA,NA,NA,NA,NA,NA,NA,NA
34,2024-05-02 07:56:00,6,J00w,J34w,NA,NA,NA,NA,NA,NA,NA,NA,NA,NA,NA,NA,NA
34,2024-05-02 07:56:00,7,E06w,A75w,E79w,NA,NA,NA,NA,NA,NA,NA,NA,NA,NA,NA,NA
34,2024-05-02 07:56:00,8,E01w,A75w,E79w,E06w,NA,NA,NA,NA,NA,NA,NA,NA,NA,NA,NA
34,2024-05-02 07:56:00,9,J11w,A73w,J11w,E17w,NA,NA,NA,NA,NA,NA,NA,NA,NA,NA,NA
34,2024-05-02 07:56:00,10,A73w,A32w,J11w,E17w,E16w,NA,NA,NA,NA,NA,NA,NA,NA,NA,NA
35,2024-05-02 08:16:00,1,J39w,T15w,NA,NA,NA,NA,NA,NA,NA,NA,NA,NA,NA,NA,NA
35,2024-05-02 08:16:00,2,T79w,E06w,NA,NA,NA,NA,NA,NA,NA,NA,NA,NA,NA,NA,NA
35,2024-05-02 08:16:00,3,T14w,E38w,NA,NA,NA,NA,NA,NA,NA,NA,NA,NA,NA,NA,NA
35,2024-05-02 08:16:00,4,T18w,E52w,NA,NA,NA,NA,NA,NA,NA,NA,NA,NA,NA,NA,NA
35,2024-05-02 08:16:00,5,A57w,E45w,NA,NA,NA,NA,NA,NA,NA,NA,NA,NA,NA,NA,NA
35,2024-05-02 08:16:00,6,E06w,T79w,NA,NA,NA,NA,NA,NA,NA,NA,NA,NA,NA,NA,NA
35,2024-05-02 08:16:00,7,E00w,E01w,E79w,NA,NA,NA,NA,NA,NA,NA,NA,NA,NA,NA,NA
36,2024-05-02 08:36:00,1,T99b,E16w,NA,NA,NA,NA,NA,NA,NA,NA,NA,NA,NA,NA,NA
36,2024-05-02 08:36:00,2,T99b,A73w,NA,NA,NA,NA,NA,NA,NA,NA,NA,NA,NA,NA,NA
36,2024-05-02 08:36:00,3,A16w,A00w,NA,NA,NA,NA,NA,NA,NA,NA,NA,NA,NA,NA,NA
36,2024-05-02 08:36:00,4,A78w,T90b,NA,NA,NA,NA,NA,NA,NA,NA,NA,NA,NA,NA,NA
36,2024-05-02 08:36:00,5,E16w,T99b,NA,NA,NA,NA,NA,NA,NA,NA,NA,NA,NA,NA,NA
36,2024-05-02 08:36:00,6,E52w,E52w,NA,NA,NA,NA,NA,NA,NA,NA,NA,NA,NA,NA,NA
36,2024-05-02 08:36:00,7,J39w,T15w,NA,NA,NA,NA,NA,NA,NA,NA,NA,NA,NA,NA,NA
36,2024-05-02 08:36:00,8,J39w,T15w,NA,NA,NA,NA,NA,NA,NA,NA,NA,NA,NA,NA,NA
37,2024-05-02 08:56:00,1,Y27b,E12w,NA,NA,NA,NA,NA,NA,NA,NA,NA,NA,NA,NA,NA
37,2024-05-02 08:56:00,2,A57w,T99b,NA,NA,NA,NA,NA,NA,NA,NA,NA,NA,NA,NA,NA
37,2024-05-02 08:56:00,3,A75w,E34w,NA,NA,NA,NA,NA,NA,NA,NA,NA,NA,NA,NA,NA
37,2024-05-02 08:56:00,4,E13w,J11w,NA,NA,NA,NA,NA,NA,NA,NA,NA,NA,NA,NA,NA
37,2024-05-02 08:56:00,5,E17w,Y27b,NA,NA,NA,NA,NA,NA,NA,NA,NA,NA,NA,NA,NA
37,2024-05-02 08:56:00,6,J12w,A00w,NA,NA,NA,NA,NA,NA,NA,NA,NA,NA,NA,NA,NA
37,2024-05-02 08:56:00,7,E12w,A56w,J11w,NA,NA,NA,NA,NA,NA,NA,NA,NA,NA,NA,NA
37,2024-05-02 08:56:00,8,T90b,E16w,J34w,NA,NA,NA,NA,NA,NA,NA,NA,NA,NA,NA,NA
38,2024-05-02 09:16:00,1,A57w,A29w,NA,NA,NA,NA,NA,NA,NA,NA,NA,NA,NA,NA,NA
38,2024-05-02 09:16:00,2,E76w,A75w,NA,NA,NA,NA,NA,NA,NA,NA,NA,NA,NA,NA,NA
39,2024-05-02 09:36:00,1,E41w,A32w,NA,NA,NA,NA,NA,NA,NA,NA,NA,NA,NA,NA,NA
39,2024-05-02 09:36:00,2,E52w,A75w,NA,NA,NA,NA,NA,NA,NA,NA,NA,NA,NA,NA,NA
39,2024-05-02 09:36:00,3,A57w,A29w,NA,NA,NA,NA,NA,NA,NA,NA,NA,NA,NA,NA,NA
39,2024-05-02 09:36:00,4,A75w,E76w,T15w,NA,NA,NA,NA,NA,NA,NA,NA,NA,NA,NA,NA
40,2024-05-02 09:56:00,1,E76w,T90b,NA,NA,NA,NA,NA,NA,NA,NA,NA,NA,NA,NA,NA
40,2024-05-02 09:56:00,2,A05w,A22w,NA,NA,NA,NA,NA,NA,NA,NA,NA,NA,NA,NA,NA
40,2024-05-02 09:56:00,3,A29w,A75w,NA,NA,NA,NA,NA,NA,NA,NA,NA,NA,NA,NA,NA
40,2024-05-02 09:56:00,4,A57w,A75w,NA,NA,NA,NA,NA,NA,NA,NA,NA,NA,NA,NA,NA
40,2024-05-02 09:56:00,5,A75w,E34w,NA,NA,NA,NA,NA,NA,NA,NA,NA,NA,NA,NA,NA
40,2024-05-02 09:56:00,6,A00w,J12w,NA,NA,NA,NA,NA,NA,NA,NA,NA,NA,NA,NA,NA
40,2024-05-02 09:56:00,7,E17w,E13w,T18w,NA,NA,NA,NA,NA,NA,NA,NA,NA,NA,NA,NA
40,2024-05-02 09:56:00,8,J11w,A32w,T15w,NA,NA,NA,NA,NA,NA,NA,NA,NA,NA,NA,NA
40,2024-05-02 09:56:00,9,T15w,E52w,J35w,NA,NA,NA,NA,NA,NA,NA,NA,NA,NA,NA,NA
40,2024-05-02 09:56:00,10,A57w,E34w,E52w,E41w,NA,NA,NA,NA,NA,NA,NA,NA,NA,NA,NA
41,2024-05-02 10:16:00,1,E76w,T15w,NA,NA,NA,NA,NA,NA,NA,NA,NA,NA,NA,NA,NA
41,2024-05-02 10:16:00,2,E41w,E52w,J16w,NA,NA,NA,NA,NA,NA,NA,NA,NA,NA,NA,NA
42,2024-05-02 10:36:00,1,E16w,A56w,NA,NA,NA,NA,NA,NA,NA,NA,NA,NA,NA,NA,NA
42,2024-05-02 10:36:00,2,E34w,T90b,NA,NA,NA,NA,NA,NA,NA,NA,NA,NA,NA,NA,NA
42,2024-05-02 10:36:00,3,E41w,A57w,NA,NA,NA,NA,NA,NA,NA,NA,NA,NA,NA,NA,NA
42,2024-05-02 10:36:00,4,E54w,A56w,T79w,NA,NA,NA,NA,NA,NA,NA,NA,NA,NA,NA,NA
42,2024-05-02 10:36:00,5,A57w,T18w,T90b,NA,NA,NA,NA,NA,NA,NA,NA,NA,NA,NA,NA
42,2024-05-02 10:36:00,6,A56w,J39w,T79w,NA,NA,NA,NA,NA,NA,NA,NA,NA,NA,NA,NA
42,2024-05-02 10:36:00,7,J00w,E01w,E37w,E06w,NA,NA,NA,NA,NA,NA,NA,NA,NA,NA,NA
42,2024-05-02 10:36:00,8,E06w,E01w,J35w,E79w,E54w,NA,NA,NA,NA,NA,NA,NA,NA,NA,NA
43,2024-05-02 10:56:00,1,E06w,J39w,NA,NA,NA,NA,NA,NA,NA,NA,NA,NA,NA,NA,NA
43,2024-05-02 10:56:00,2,E15w,E79w,NA,NA,NA,NA,NA,NA,NA,NA,NA,NA,NA,NA,NA
43,2024-05-02 10:56:00,3,T90b,A57w,NA,NA,NA,NA,NA,NA,NA,NA,NA,NA,NA,NA,NA
43,2024-05-02 10:56:00,4,T14w,J06w,NA,NA,NA,NA,NA,NA,NA,NA,NA,NA,NA,NA,NA
43,2024-05-02 10:56:00,5,A58w,Y27b,E01w,NA,NA,NA,NA,NA,NA,NA,NA,NA,NA,NA,NA
43,2024-05-02 10:56:00,6,A58w,Y27b,J00w,NA,NA,NA,NA,NA,NA,NA,NA,NA,NA,NA,NA
43,2024-05-02 10:56:00,7,Y27b,E00w,T76w,J00w,E15w,NA,NA,NA,NA,NA,NA,NA,NA,NA,NA
44,2024-05-02 11:16:00,1,E15w,J00w,NA,NA,NA,NA,NA,NA,NA,NA,NA,NA,NA,NA,NA
44,2024-05-02 11:16:00,2,E00w,Y27b,NA,NA,NA,NA,NA,NA,NA,NA,NA,NA,NA,NA,NA
44,2024-05-02 11:16:00,3,A56w,J39w,NA,NA,NA,NA,NA,NA,NA,NA,NA,NA,NA,NA,NA
44,2024-05-02 11:16:00,4,E06w,A01w,NA,NA,NA,NA,NA,NA,NA,NA,NA,NA,NA,NA,NA
44,2024-05-02 11:16:00,5,E79w,E00w,Y27b,J00w,A19w,NA,NA,NA,NA,NA,NA,NA,NA,NA,NA
44,2024-05-02 11:16:00,6,E79w,E00w,Y27b,J00w,E01w,NA,NA,NA,NA,NA,NA,NA,NA,NA,NA
45,2024-05-02 11:36:00,1,A01w,E06w,NA,NA,NA,NA,NA,NA,NA,NA,NA,NA,NA,NA,NA
45,2024-05-02 11:36:00,2,A16w,A39w,NA,NA,NA,NA,NA,NA,NA,NA,NA,NA,NA,NA,NA
45,2024-05-02 11:36:00,3,A31w,A39w,NA,NA,NA,NA,NA,NA,NA,NA,NA,NA,NA,NA,NA
45,2024-05-02 11:36:00,4,E15w,E01w,NA,NA,NA,NA,NA,NA,NA,NA,NA,NA,NA,NA,NA
45,2024-05-02 11:36:00,5,A52w,E34w,NA,NA,NA,NA,NA,NA,NA,NA,NA,NA,NA,NA,NA
45,2024-05-02 11:36:00,6,E34w,J11w,NA,NA,NA,NA,NA,NA,NA,NA,NA,NA,NA,NA,NA
45,2024-05-02 11:36:00,7,J00w,E00w,Y27b,NA,NA,NA,NA,NA,NA,NA,NA,NA,NA,NA,NA
45,2024-05-02 11:36:00,8,T76w,J00w,J34w,NA,NA,NA,NA,NA,NA,NA,NA,NA,NA,NA,NA
45,2024-05-02 11:36:00,9,J34w,E01w,J00w,NA,NA,NA,NA,NA,NA,NA,NA,NA,NA,NA,NA
46,2024-05-02 11:56:00,1,A19w,A29w,NA,NA,NA,NA,NA,NA,NA,NA,NA,NA,NA,NA,NA
46,2024-05-02 11:56:00,2,A29w,E15w,NA,NA,NA,NA,NA,NA,NA,NA,NA,NA,NA,NA,NA
46,2024-05-02 11:56:00,3,J34w,J00w,NA,NA,NA,NA,NA,NA,NA,NA,NA,NA,NA,NA,NA
46,2024-05-02 11:56:00,4,E00w,E34w,NA,NA,NA,NA,NA,NA,NA,NA,NA,NA,NA,NA,NA
46,2024-05-02 11:56:00,5,E00w,E13w,NA,NA,NA,NA,NA,NA,NA,NA,NA,NA,NA,NA,NA
46,2024-05-02 11:56:00,6,E01w,J00w,NA,NA,NA,NA,NA,NA,NA,NA,NA,NA,NA,NA,NA
46,2024-05-02 11:56:00,7,J11w,E15w,NA,NA,NA,NA,NA,NA,NA,NA,NA,NA,NA,NA,NA
46,2024-05-02 11:56:00,8,E54w,A78w,J12w,NA,NA,NA,NA,NA,NA,NA,NA,NA,NA,NA,NA
46,2024-05-02 11:56:00,9,A39w,A78w,T14w,J12w,NA,NA,NA,NA,NA,NA,NA,NA,NA,NA,NA
47,2024-05-02 12:16:00,1,Y27b,T18w,NA,NA,NA,NA,NA,NA,NA,NA,NA,NA,NA,NA,NA
47,2024-05-02 12:16:00,2,T13w,J35w,NA,NA,NA,NA,NA,NA,NA,NA,NA,NA,NA,NA,NA
47,2024-05-02 12:16:00,3,T18w,T90b,NA,NA,NA,NA,NA,NA,NA,NA,NA,NA,NA,NA,NA
47,2024-05-02 12:16:00,4,E54w,A00w,T14w,J12w,E54w,E38w,E11w,A78w,A16w,NA,NA,NA,NA,NA,NA
49,2024-05-02 12:56:00,1,E01w,A57w,NA,NA,NA,NA,NA,NA,NA,NA,NA,NA,NA,NA,NA
49,2024-05-02 12:56:00,2,E00w,E01w,E51w,NA,NA,NA,NA,NA,NA,NA,NA,NA,NA,NA,NA
50,2024-05-02 13:16:00,1,E13w,A57w,E34w,NA,NA,NA,NA,NA,NA,NA,NA,NA,NA,NA,NA
50,2024-05-02 13:16:00,2,J16w,A57w,J11w,E76w,NA,NA,NA,NA,NA,NA,NA,NA,NA,NA,NA
51,2024-05-02 13:36:00,1,A73w,T18w,NA,NA,NA,NA,NA,NA,NA,NA,NA,NA,NA,NA,NA
51,2024-05-02 13:36:00,2,A73w,J11w,NA,NA,NA,NA,NA,NA,NA,NA,NA,NA,NA,NA,NA
51,2024-05-02 13:36:00,3,E13w,T18w,NA,NA,NA,NA,NA,NA,NA,NA,NA,NA,NA,NA,NA
51,2024-05-02 13:36:00,4,E13w,J16w,NA,NA,NA,NA,NA,NA,NA,NA,NA,NA,NA,NA,NA
51,2024-05-02 13:36:00,5,E34w,T90b,NA,NA,NA,NA,NA,NA,NA,NA,NA,NA,NA,NA,NA
51,2024-05-02 13:36:00,6,J11w,T18w,NA,NA,NA,NA,NA,NA,NA,NA,NA,NA,NA,NA,NA
51,2024-05-02 13:36:00,7,J16w,A29w,NA,NA,NA,NA,NA,NA,NA,NA,NA,NA,NA,NA,NA
53,2024-05-02 14:16:00,1,A32w,E17w,NA,NA,NA,NA,NA,NA,NA,NA,NA,NA,NA,NA,NA
53,2024-05-02 14:16:00,2,E45w,E17w,NA,NA,NA,NA,NA,NA,NA,NA,NA,NA,NA,NA,NA
53,2024-05-02 14:16:00,3,E52w,E13w,NA,NA,NA,NA,NA,NA,NA,NA,NA,NA,NA,NA,NA
54,2024-05-02 14:36:00,1,A52w,E13w,NA,NA,NA,NA,NA,NA,NA,NA,NA,NA,NA,NA,NA
55,2024-05-02 14:56:00,1,A52w,E51w,NA,NA,NA,NA,NA,NA,NA,NA,NA,NA,NA,NA,NA
56,2024-05-02 15:16:00,1,J12w,T15w,NA,NA,NA,NA,NA,NA,NA,NA,NA,NA,NA,NA,NA
56,2024-05-02 15:16:00,2,E00w,E13w,T18w,NA,NA,NA,NA,NA,NA,NA,NA,NA,NA,NA,NA
58,2024-05-02 15:56:00,1,A58w,J39w,NA,NA,NA,NA,NA,NA,NA,NA,NA,NA,NA,NA,NA
62,2024-05-03 04:36:00,1,A78w,E06w,NA,NA,NA,NA,NA,NA,NA,NA,NA,NA,NA,NA,NA
63,2024-05-03 04:56:00,1,E06w,E11w,E54w,NA,NA,NA,NA,NA,NA,NA,NA,NA,NA,NA,NA
64,2024-05-03 05:16:00,1,A39w,A78w,J39w,NA,NA,NA,NA,NA,NA,NA,NA,NA,NA,NA,NA
66,2024-05-03 05:56:00,1,T13w,T13b,NA,NA,NA,NA,NA,NA,NA,NA,NA,NA,NA,NA,NA
66,2024-05-03 05:56:00,2,J12w,A00w,T15w,T14w,J39w,E54w,A78w,A58w,NA,NA,NA,NA,NA,NA,NA
67,2024-05-03 06:16:00,1,E45w,A57w,Y27b,T99b,T90b,J11w,E13w,E01w,E00w,NA,NA,NA,NA,NA,NA
67,2024-05-03 06:16:00,2,E52w,A57w,Y27b,T99b,T90b,T18w,J11w,E13w,E01w,E00w,NA,NA,NA,NA,NA
68,2024-05-03 06:36:00,1,E52w,E52w,T90b,T18w,NA,NA,NA,NA,NA,NA,NA,NA,NA,NA,NA
68,2024-05-03 06:36:00,2,E52w,E12w,T90b,T18w,NA,NA,NA,NA,NA,NA,NA,NA,NA,NA,NA
68,2024-05-03 06:36:00,3,T90b,E00w,E13w,E12w,E45w,NA,NA,NA,NA,NA,NA,NA,NA,NA,NA
68,2024-05-03 06:36:00,4,T90b,E00w,E13w,E12w,T18w,NA,NA,NA,NA,NA,NA,NA,NA,NA,NA
69,2024-05-03 06:56:00,1,Y27b,E12w,E45w,NA,NA,NA,NA,NA,NA,NA,NA,NA,NA,NA,NA
69,2024-05-03 06:56:00,2,A22w,E11w,T15w,NA,NA,NA,NA,NA,NA,NA,NA,NA,NA,NA,NA
69,2024-05-03 06:56:00,3,E52w,E12w,T90b,T90b,NA,NA,NA,NA,NA,NA,NA,NA,NA,NA,NA
69,2024-05-03 06:56:00,4,E54w,A00w,T14w,J12w,NA,NA,NA,NA,NA,NA,NA,NA,NA,NA,NA
69,2024-05-03 06:56:00,5,T14w,A00w,J12w,A39w,A31w,NA,NA,NA,NA,NA,NA,NA,NA,NA,NA
69,2024-05-03 06:56:00,6,T14w,A00w,J12w,A39w,A78w,NA,NA,NA,NA,NA,NA,NA,NA,NA,NA
70,2024-05-03 07:16:00,1,E00w,Y27b,NA,NA,NA,NA,NA,NA,NA,NA,NA,NA,NA,NA,NA
70,2024-05-03 07:16:00,2,E06w,T14w,NA,NA,NA,NA,NA,NA,NA,NA,NA,NA,NA,NA,NA
70,2024-05-03 07:16:00,3,Y27b,E13w,Y27b,J11w,E45w,NA,NA,NA,NA,NA,NA,NA,NA,NA,NA
71,2024-05-03 07:36:00,1,A19w,J16w,NA,NA,NA,NA,NA,NA,NA,NA,NA,NA,NA,NA,NA
71,2024-05-03 07:36:00,2,A58w,T14w,NA,NA,NA,NA,NA,NA,NA,NA,NA,NA,NA,NA,NA
71,2024-05-03 07:36:00,3,E12w,E45w,NA,NA,NA,NA,NA,NA,NA,NA,NA,NA,NA,NA,NA
71,2024-05-03 07:36:00,4,E52w,Y27b,NA,NA,NA,NA,NA,NA,NA,NA,NA,NA,NA,NA,NA
71,2024-05-03 07:36:00,5,T90b,Y27b,NA,NA,NA,NA,NA,NA,NA,NA,NA,NA,NA,NA,NA
71,2024-05-03 07:36:00,6,E52w,E12w,E45w,NA,NA,NA,NA,NA,NA,NA,NA,NA,NA,NA,NA
72,2024-05-03 07:56:00,1,E12w,E45w,NA,NA,NA,NA,NA,NA,NA,NA,NA,NA,NA,NA,NA
72,2024-05-03 07:56:00,2,T14w,A58w,NA,NA,NA,NA,NA,NA,NA,NA,NA,NA,NA,NA,NA
72,2024-05-03 07:56:00,3,E45w,E12w,NA,NA,NA,NA,NA,NA,NA,NA,NA,NA,NA,NA,NA
72,2024-05-03 07:56:00,4,A58w,T14w,NA,NA,NA,NA,NA,NA,NA,NA,NA,NA,NA,NA,NA
72,2024-05-03 07:56:00,5,A00w,E06w,NA,NA,NA,NA,NA,NA,NA,NA,NA,NA,NA,NA,NA
72,2024-05-03 07:56:00,6,E52w,J16w,NA,NA,NA,NA,NA,NA,NA,NA,NA,NA,NA,NA,NA
72,2024-05-03 07:56:00,7,E54w,A58w,NA,NA,NA,NA,NA,NA,NA,NA,NA,NA,NA,NA,NA
72,2024-05-03 07:56:00,8,J12w,A39w,A58w,NA,NA,NA,NA,NA,NA,NA,NA,NA,NA,NA,NA
72,2024-05-03 07:56:00,9,A19w,J00w,T76w,NA,NA,NA,NA,NA,NA,NA,NA,NA,NA,NA,NA
72,2024-05-03 07:56:00,10,J12w,A00w,T15w,E11w,NA,NA,NA,NA,NA,NA,NA,NA,NA,NA,NA
73,2024-05-03 08:16:00,1,A05w,T14w,NA,NA,NA,NA,NA,NA,NA,NA,NA,NA,NA,NA,NA
73,2024-05-03 08:16:00,2,E06w,E54w,T15w,NA,NA,NA,NA,NA,NA,NA,NA,NA,NA,NA,NA
73,2024-05-03 08:16:00,3,T76w,A19w,A19w,NA,NA,NA,NA,NA,NA,NA,NA,NA,NA,NA,NA
73,2024-05-03 08:16:00,4,T15w,A58w,T14w,J12w,E54w,NA,NA,NA,NA,NA,NA,NA,NA,NA,NA
74,2024-05-03 08:36:00,1,E41w,T18w,NA,NA,NA,NA,NA,NA,NA,NA,NA,NA,NA,NA,NA
74,2024-05-03 08:36:00,2,E38w,A16w,NA,NA,NA,NA,NA,NA,NA,NA,NA,NA,NA,NA,NA
74,2024-05-03 08:36:00,3,A57w,A56w,A57w,NA,NA,NA,NA,NA,NA,NA,NA,NA,NA,NA,NA
75,2024-05-03 08:56:00,1,A32w,T18w,NA,NA,NA,NA,NA,NA,NA,NA,NA,NA,NA,NA,NA
75,2024-05-03 08:56:00,2,A32w,E13w,NA,NA,NA,NA,NA,NA,NA,NA,NA,NA,NA,NA,NA
76,2024-05-03 09:16:00,1,A78w,A05w,NA,NA,NA,NA,NA,NA,NA,NA,NA,NA,NA,NA,NA
76,2024-05-03 09:16:00,2,A58w,E06w,NA,NA,NA,NA,NA,NA,NA,NA,NA,NA,NA,NA,NA
76,2024-05-03 09:16:00,3,J11w,J00w,J11w,NA,NA,NA,NA,NA,NA,NA,NA,NA,NA,NA,NA
76,2024-05-03 09:16:00,4,E45w,J12w,T14w,NA,NA,NA,NA,NA,NA,NA,NA,NA,NA,NA,NA
76,2024-05-03 09:16:00,5,Y27b,A05w,T90b,J35w,J12w,E54w,E12w,E00w,E01w,NA,NA,NA,NA,NA,NA
76,2024-05-03 09:16:00,6,Y27b,A05w,T90b,J35w,J12w,E54w,E12w,E00w,T14w,NA,NA,NA,NA,NA,NA
77,2024-05-03 09:36:00,1,J00w,J11w,NA,NA,NA,NA,NA,NA,NA,NA,NA,NA,NA,NA,NA
77,2024-05-03 09:36:00,2,A29w,A29w,NA,NA,NA,NA,NA,NA,NA,NA,NA,NA,NA,NA,NA
77,2024-05-03 09:36:00,3,T15w,T14w,NA,NA,NA,NA,NA,NA,NA,NA,NA,NA,NA,NA,NA
77,2024-05-03 09:36:00,4,E01w,E16w,NA,NA,NA,NA,NA,NA,NA,NA,NA,NA,NA,NA,NA
78,2024-05-03 09:56:00,1,A00w,J12w,NA,NA,NA,NA,NA,NA,NA,NA,NA,NA,NA,NA,NA
78,2024-05-03 09:56:00,2,A22w,A31w,NA,NA,NA,NA,NA,NA,NA,NA,NA,NA,NA,NA,NA
78,2024-05-03 09:56:00,3,A32w,J00w,NA,NA,NA,NA,NA,NA,NA,NA,NA,NA,NA,NA,NA
78,2024-05-03 09:56:00,4,E34w,J39w,NA,NA,NA,NA,NA,NA,NA,NA,NA,NA,NA,NA,NA
78,2024-05-03 09:56:00,5,J00w,A29w,A56w,NA,NA,NA,NA,NA,NA,NA,NA,NA,NA,NA,NA
78,2024-05-03 09:56:00,6,J00w,A29w,J00w,NA,NA,NA,NA,NA,NA,NA,NA,NA,NA,NA,NA
78,2024-05-03 09:56:00,7,Y27b,E00w,E12w,NA,NA,NA,NA,NA,NA,NA,NA,NA,NA,NA,NA
78,2024-05-03 09:56:00,8,E12w,E00w,Y27b,NA,NA,NA,NA,NA,NA,NA,NA,NA,NA,NA,NA
78,2024-05-03 09:56:00,9,T18w,E41w,T25b,NA,NA,NA,NA,NA,NA,NA,NA,NA,NA,NA,NA
79,2024-05-03 10:16:00,1,E79w,A57w,NA,NA,NA,NA,NA,NA,NA,NA,NA,NA,NA,NA,NA
79,2024-05-03 10:16:00,2,E16w,J35w,NA,NA,NA,NA,NA,NA,NA,NA,NA,NA,NA,NA,NA
79,2024-05-03 10:16:00,3,A22w,A58w,NA,NA,NA,NA,NA,NA,NA,NA,NA,NA,NA,NA,NA
79,2024-05-03 10:16:00,4,E54w,E06w,NA,NA,NA,NA,NA,NA,NA,NA,NA,NA,NA,NA,NA
79,2024-05-03 10:16:00,5,E06w,T90b,NA,NA,NA,NA,NA,NA,NA,NA,NA,NA,NA,NA,NA
79,2024-05-03 10:16:00,6,E54w,A31w,NA,NA,NA,NA,NA,NA,NA,NA,NA,NA,NA,NA,NA
79,2024-05-03 10:16:00,7,E12w,E00w,NA,NA,NA,NA,NA,NA,NA,NA,NA,NA,NA,NA,NA
79,2024-05-03 10:16:00,8,A57w,E51w,NA,NA,NA,NA,NA,NA,NA,NA,NA,NA,NA,NA,NA
79,2024-05-03 10:16:00,9,A22w,A05w,T90b,A58w,NA,NA,NA,NA,NA,NA,NA,NA,NA,NA,NA
80,2024-05-03 10:36:00,1,E45w,E54w,NA,NA,NA,NA,NA,NA,NA,NA,NA,NA,NA,NA,NA
80,2024-05-03 10:36:00,2,A22w,A58w,NA,NA,NA,NA,NA,NA,NA,NA,NA,NA,NA,NA,NA
80,2024-05-03 10:36:00,3,A39w,A78w,NA,NA,NA,NA,NA,NA,NA,NA,NA,NA,NA,NA,NA
80,2024-05-03 10:36:00,4,A78w,Y26b,NA,NA,NA,NA,NA,NA,NA,NA,NA,NA,NA,NA,NA
80,2024-05-03 10:36:00,5,E00w,J35w,NA,NA,NA,NA,NA,NA,NA,NA,NA,NA,NA,NA,NA
80,2024-05-03 10:36:00,6,E01w,J16w,NA,NA,NA,NA,NA,NA,NA,NA,NA,NA,NA,NA,NA
80,2024-05-03 10:36:00,7,T14w,A31w,NA,NA,NA,NA,NA,NA,NA,NA,NA,NA,NA,NA,NA
80,2024-05-03 10:36:00,8,J35w,E16w,T18w,NA,NA,NA,NA,NA,NA,NA,NA,NA,NA,NA,NA
80,2024-05-03 10:36:00,9,T18w,E13w,E16w,NA,NA,NA,NA,NA,NA,NA,NA,NA,NA,NA,NA
80,2024-05-03 10:36:00,10,T18w,E13w,Y27b,NA,NA,NA,NA,NA,NA,NA,NA,NA,NA,NA,NA
80,2024-05-03 10:36:00,11,A58w,A31w,E54w,NA,NA,NA,NA,NA,NA,NA,NA,NA,NA,NA,NA
81,2024-05-03 10:56:00,1,E06w,T15w,NA,NA,NA,NA,NA,NA,NA,NA,NA,NA,NA,NA,NA
81,2024-05-03 10:56:00,2,A58w,A22w,NA,NA,NA,NA,NA,NA,NA,NA,NA,NA,NA,NA,NA
81,2024-05-03 10:56:00,3,T76w,A19w,NA,NA,NA,NA,NA,NA,NA,NA,NA,NA,NA,NA,NA
81,2024-05-03 10:56:00,4,T99b,E13w,NA,NA,NA,NA,NA,NA,NA,NA,NA,NA,NA,NA,NA
81,2024-05-03 10:56:00,5,A22w,E45w,NA,NA,NA,NA,NA,NA,NA,NA,NA,NA,NA,NA,NA
81,2024-05-03 10:56:00,6,E01w,A01w,NA,NA,NA,NA,NA,NA,NA,NA,NA,NA,NA,NA,NA
81,2024-05-03 10:56:00,7,E52w,A01w,J16w,NA,NA,NA,NA,NA,NA,NA,NA,NA,NA,NA,NA
81,2024-05-03 10:56:00,8,E45w,J39w,T14w,NA,NA,NA,NA,NA,NA,NA,NA,NA,NA,NA,NA
82,2024-05-03 11:16:00,1,E52w,E37w,NA,NA,NA,NA,NA,NA,NA,NA,NA,NA,NA,NA,NA
82,2024-05-03 11:16:00,2,E79w,E12w,E17w,NA,NA,NA,NA,NA,NA,NA,NA,NA,NA,NA,NA
82,2024-05-03 11:16:00,3,E12w,A29w,E17w,A32w,NA,NA,NA,NA,NA,NA,NA,NA,NA,NA,NA
82,2024-05-03 11:16:00,4,T99b,A29w,E17w,A73w,A57w,A52w,A32w,NA,NA,NA,NA,NA,NA,NA,NA
83,2024-05-03 11:36:00,1,J16w,E01w,NA,NA,NA,NA,NA,NA,NA,NA,NA,NA,NA,NA,NA
83,2024-05-03 11:36:00,2,T99b,A32w,NA,NA,NA,NA,NA,NA,NA,NA,NA,NA,NA,NA,NA
83,2024-05-03 11:36:00,3,A10w,A32w,A73w,NA,NA,NA,NA,NA,NA,NA,NA,NA,NA,NA,NA
83,2024-05-03 11:36:00,4,A73w,A29w,T99b,A57w,A52w,A32w,NA,NA,NA,NA,NA,NA,NA,NA,NA
84,2024-05-03 11:56:00,1,A73w,T99b,NA,NA,NA,NA,NA,NA,NA,NA,NA,NA,NA,NA,NA
84,2024-05-03 11:56:00,2,T99b,J34w,T13b,NA,NA,NA,NA,NA,NA,NA,NA,NA,NA,NA,NA
85,2024-05-03 12:16:00,1,A19w,T76w,NA,NA,NA,NA,NA,NA,NA,NA,NA,NA,NA,NA,NA
85,2024-05-03 12:16:00,2,A78w,T15w,NA,NA,NA,NA,NA,NA,NA,NA,NA,NA,NA,NA,NA
86,2024-05-03 12:36:00,1,T76w,A19w,NA,NA,NA,NA,NA,NA,NA,NA,NA,NA,NA,NA,NA
86,2024-05-03 12:36:00,2,A10w,J16w,NA,NA,NA,NA,NA,NA,NA,NA,NA,NA,NA,NA,NA
86,2024-05-03 12:36:00,3,J16w,A10w,E01w,NA,NA,NA,NA,NA,NA,NA,NA,NA,NA,NA,NA
86,2024-05-03 12:36:00,4,E38w,A31w,T14w,T90b,T15w,NA,NA,NA,NA,NA,NA,NA,NA,NA,NA
86,2024-05-03 12:36:00,5,E38w,A31w,T14w,T90b,E54w,NA,NA,NA,NA,NA,NA,NA,NA,NA,NA
86,2024-05-03 12:36:00,6,E38w,A31w,T14w,T90b,T15w,NA,NA,NA,NA,NA,NA,NA,NA,NA,NA
86,2024-05-03 12:36:00,7,E54w,A00w,T90b,T14w,J39w,J12w,NA,NA,NA,NA,NA,NA,NA,NA,NA
86,2024-05-03 12:36:00,8,E54w,A00w,T90b,T14w,J39w,T15w,NA,NA,NA,NA,NA,NA,NA,NA,NA
87,2024-05-03 12:56:00,1,E76w,E52w,NA,NA,NA,NA,NA,NA,NA,NA,NA,NA,NA,NA,NA
87,2024-05-03 12:56:00,2,E41w,Y27b,NA,NA,NA,NA,NA,NA,NA,NA,NA,NA,NA,NA,NA
87,2024-05-03 12:56:00,3,E52w,E76w,NA,NA,NA,NA,NA,NA,NA,NA,NA,NA,NA,NA,NA
87,2024-05-03 12:56:00,4,A03w,Y27b,NA,NA,NA,NA,NA,NA,NA,NA,NA,NA,NA,NA,NA
87,2024-05-03 12:56:00,5,J11w,J11w,NA,NA,NA,NA,NA,NA,NA,NA,NA,NA,NA,NA,NA
87,2024-05-03 12:56:00,6,J06w,A31w,E54w,A78w,NA,NA,NA,NA,NA,NA,NA,NA,NA,NA,NA
87,2024-05-03 12:56:00,7,J06w,A31w,E54w,J17w,NA,NA,NA,NA,NA,NA,NA,NA,NA,NA,NA
88,2024-05-03 13:16:00,1,E52w,E76w,NA,NA,NA,NA,NA,NA,NA,NA,NA,NA,NA,NA,NA
88,2024-05-03 13:16:00,2,A10w,E12w,NA,NA,NA,NA,NA,NA,NA,NA,NA,NA,NA,NA,NA
88,2024-05-03 13:16:00,3,A39w,J39w,NA,NA,NA,NA,NA,NA,NA,NA,NA,NA,NA,NA,NA
88,2024-05-03 13:16:00,4,E00w,T18w,NA,NA,NA,NA,NA,NA,NA,NA,NA,NA,NA,NA,NA
88,2024-05-03 13:16:00,5,T18w,Y27b,E12w,NA,NA,NA,NA,NA,NA,NA,NA,NA,NA,NA,NA
88,2024-05-03 13:16:00,6,T18w,Y27b,J11w,NA,NA,NA,NA,NA,NA,NA,NA,NA,NA,NA,NA
89,2024-05-03 13:36:00,1,E15w,E52w,NA,NA,NA,NA,NA,NA,NA,NA,NA,NA,NA,NA,NA
89,2024-05-03 13:36:00,2,E00w,E79w,NA,NA,NA,NA,NA,NA,NA,NA,NA,NA,NA,NA,NA
89,2024-05-03 13:36:00,3,T18w,E00w,E79w,E41w,E01w,NA,NA,NA,NA,NA,NA,NA,NA,NA,NA
90,2024-05-03 13:56:00,1,E01w,T18w,NA,NA,NA,NA,NA,NA,NA,NA,NA,NA,NA,NA,NA
90,2024-05-03 13:56:00,2,T90b,T15w,T79w,NA,NA,NA,NA,NA,NA,NA,NA,NA,NA,NA,NA
91,2024-05-03 14:16:00,1,E06w,A58w,E11w,A58w,NA,NA,NA,NA,NA,NA,NA,NA,NA,NA,NA
91,2024-05-03 14:16:00,2,E01w,E41w,T18w,T18w,E52w,E52w,NA,NA,NA,NA,NA,NA,NA,NA,NA
92,2024-05-03 14:36:00,1,A73w,E41w,NA,NA,NA,NA,NA,NA,NA,NA,NA,NA,NA,NA,NA
92,2024-05-03 14:36:00,2,A73w,E41w,NA,NA,NA,NA,NA,NA,NA,NA,NA,NA,NA,NA,NA
92,2024-05-03 14:36:00,3,E41w,E52w,NA,NA,NA,NA,NA,NA,NA,NA,NA,NA,NA,NA,NA
93,2024-05-03 14:56:00,1,J06w,A78w,J17w,J12w,NA,NA,NA,NA,NA,NA,NA,NA,NA,NA,NA
99,2024-05-04 05:16:00,1,A16w,T13b,NA,NA,NA,NA,NA,NA,NA,NA,NA,NA,NA,NA,NA
99,2024-05-04 05:16:00,2,A16w,T13b,Y26b,NA,NA,NA,NA,NA,NA,NA,NA,NA,NA,NA,NA
100,2024-05-04 05:36:00,1,T13b,Y26b,NA,NA,NA,NA,NA,NA,NA,NA,NA,NA,NA,NA,NA
103,2024-05-04 06:36:00,1,T90b,A75w,NA,NA,NA,NA,NA,NA,NA,NA,NA,NA,NA,NA,NA
103,2024-05-04 06:36:00,2,E76w,E76w,NA,NA,NA,NA,NA,NA,NA,NA,NA,NA,NA,NA,NA
104,2024-05-04 06:56:00,1,A10w,T18w,NA,NA,NA,NA,NA,NA,NA,NA,NA,NA,NA,NA,NA
104,2024-05-04 06:56:00,2,J39w,E45w,NA,NA,NA,NA,NA,NA,NA,NA,NA,NA,NA,NA,NA
104,2024-05-04 06:56:00,3,E34w,T90b,NA,NA,NA,NA,NA,NA,NA,NA,NA,NA,NA,NA,NA
104,2024-05-04 06:56:00,4,A39w,A58w,E06w,NA,NA,NA,NA,NA,NA,NA,NA,NA,NA,NA,NA
105,2024-05-04 07:16:00,1,T15w,J12w,NA,NA,NA,NA,NA,NA,NA,NA,NA,NA,NA,NA,NA
105,2024-05-04 07:16:00,2,A19w,A57w,T76w,A73w,NA,NA,NA,NA,NA,NA,NA,NA,NA,NA,NA
106,2024-05-04 07:36:00,1,J35w,A56w,NA,NA,NA,NA,NA,NA,NA,NA,NA,NA,NA,NA,NA
106,2024-05-04 07:36:00,2,J39w,A39w,NA,NA,NA,NA,NA,NA,NA,NA,NA,NA,NA,NA,NA
106,2024-05-04 07:36:00,3,A56w,T18w,NA,NA,NA,NA,NA,NA,NA,NA,NA,NA,NA,NA,NA
106,2024-05-04 07:36:00,4,T76w,A19w,NA,NA,NA,NA,NA,NA,NA,NA,NA,NA,NA,NA,NA
106,2024-05-04 07:36:00,5,A57w,A73w,E76w,NA,NA,NA,NA,NA,NA,NA,NA,NA,NA,NA,NA
106,2024-05-04 07:36:00,6,T15w,A00w,T14w,A78w,NA,NA,NA,NA,NA,NA,NA,NA,NA,NA,NA
107,2024-05-04 07:56:00,1,T76w,A19w,NA,NA,NA,NA,NA,NA,NA,NA,NA,NA,NA,NA,NA
107,2024-05-04 07:56:00,2,A73w,A57w,NA,NA,NA,NA,NA,NA,NA,NA,NA,NA,NA,NA,NA
107,2024-05-04 07:56:00,3,J35w,E76w,NA,NA,NA,NA,NA,NA,NA,NA,NA,NA,NA,NA,NA
107,2024-05-04 07:56:00,4,T15w,T14w,NA,NA,NA,NA,NA,NA,NA,NA,NA,NA,NA,NA,NA
107,2024-05-04 07:56:00,5,E45w,A05w,J39w,NA,NA,NA,NA,NA,NA,NA,NA,NA,NA,NA,NA
107,2024-05-04 07:56:00,6,E54w,A31w,A78w,NA,NA,NA,NA,NA,NA,NA,NA,NA,NA,NA,NA
107,2024-05-04 07:56:00,7,A00w,E45w,J39w,NA,NA,NA,NA,NA,NA,NA,NA,NA,NA,NA,NA
107,2024-05-04 07:56:00,8,A29w,A29w,A52w,NA,NA,NA,NA,NA,NA,NA,NA,NA,NA,NA,NA
108,2024-05-04 08:16:00,1,T76w,A19w,NA,NA,NA,NA,NA,NA,NA,NA,NA,NA,NA,NA,NA
108,2024-05-04 08:16:00,2,J35w,E76w,NA,NA,NA,NA,NA,NA,NA,NA,NA,NA,NA,NA,NA
108,2024-05-04 08:16:00,3,Y27b,E00w,J11w,E16w,E13w,E12w,NA,NA,NA,NA,NA,NA,NA,NA,NA
109,2024-05-04 08:36:00,1,E00w,E12w,NA,NA,NA,NA,NA,NA,NA,NA,NA,NA,NA,NA,NA
109,2024-05-04 08:36:00,2,J16w,E13w,E52w,NA,NA,NA,NA,NA,NA,NA,NA,NA,NA,NA,NA
109,2024-05-04 08:36:00,3,J11w,E00w,Y27b,E16w,E12w,NA,NA,NA,NA,NA,NA,NA,NA,NA,NA
110,2024-05-04 08:56:00,1,J16w,J16w,NA,NA,NA,NA,NA,NA,NA,NA,NA,NA,NA,NA,NA
110,2024-05-04 08:56:00,2,A56w,E12w,NA,NA,NA,NA,NA,NA,NA,NA,NA,NA,NA,NA,NA
110,2024-05-04 08:56:00,3,Y27b,E16w,NA,NA,NA,NA,NA,NA,NA,NA,NA,NA,NA,NA,NA
110,2024-05-04 08:56:00,4,A78w,A31w,NA,NA,NA,NA,NA,NA,NA,NA,NA,NA,NA,NA,NA
110,2024-05-04 08:56:00,5,E00w,E12w,NA,NA,NA,NA,NA,NA,NA,NA,NA,NA,NA,NA,NA
110,2024-05-04 08:56:00,6,E00w,E12w,NA,NA,NA,NA,NA,NA,NA,NA,NA,NA,NA,NA,NA
110,2024-05-04 08:56:00,7,E54w,A31w,NA,NA,NA,NA,NA,NA,NA,NA,NA,NA,NA,NA,NA
111,2024-05-04 09:16:00,1,T79w,T18w,NA,NA,NA,NA,NA,NA,NA,NA,NA,NA,NA,NA,NA
111,2024-05-04 09:16:00,2,A78w,T76w,NA,NA,NA,NA,NA,NA,NA,NA,NA,NA,NA,NA,NA
111,2024-05-04 09:16:00,3,E12w,A01w,A75w,NA,NA,NA,NA,NA,NA,NA,NA,NA,NA,NA,NA
111,2024-05-04 09:16:00,4,E01w,A19w,A56w,NA,NA,NA,NA,NA,NA,NA,NA,NA,NA,NA,NA
111,2024-05-04 09:16:00,5,A56w,A39w,NA,NA,NA,NA,NA,NA,NA,NA,NA,NA,NA,NA,NA
111,2024-05-04 09:16:00,6,A39w,E15w,NA,NA,NA,NA,NA,NA,NA,NA,NA,NA,NA,NA,NA
111,2024-05-04 09:16:00,7,A01w,A29w,E16w,A75w,NA,NA,NA,NA,NA,NA,NA,NA,NA,NA,NA
111,2024-05-04 09:16:00,8,A01w,A29w,E16w,E15w,NA,NA,NA,NA,NA,NA,NA,NA,NA,NA,NA
111,2024-05-04 09:16:00,9,A75w,E16w,Y27b,NA,NA,NA,NA,NA,NA,NA,NA,NA,NA,NA,NA
111,2024-05-04 09:16:00,10,E37w,A73w,E12w,E01w,NA,NA,NA,NA,NA,NA,NA,NA,NA,NA,NA
111,2024-05-04 09:16:00,11,A73w,A29w,Y27b,T90b,E54w,E12w,E01w,E00w,NA,NA,NA,NA,NA,NA,NA
111,2024-05-04 09:16:00,12,E12w,A29w,Y27b,Y27b,T90b,E54w,E01w,E00w,E00w,NA,NA,NA,NA,NA,NA
112,2024-05-04 09:36:00,1,T79w,T18w,NA,NA,NA,NA,NA,NA,NA,NA,NA,NA,NA,NA,NA
112,2024-05-04 09:36:00,2,A73w,A19w,T76w,NA,NA,NA,NA,NA,NA,NA,NA,NA,NA,NA,NA
112,2024-05-04 09:36:00,3,A39w,A19w,Y27b,E37w,A73w,A29w,NA,NA,NA,NA,NA,NA,NA,NA,NA
112,2024-05-04 09:36:00,4,Y27b,A01w,Y27b,E37w,E37w,A73w,A29w,A19w,NA,NA,NA,NA,NA,NA,NA
113,2024-05-04 09:56:00,1,J00w,J16w,NA,NA,NA,NA,NA,NA,NA,NA,NA,NA,NA,NA,NA
113,2024-05-04 09:56:00,2,J34w,E34w,NA,NA,NA,NA,NA,NA,NA,NA,NA,NA,NA,NA,NA
113,2024-05-04 09:56:00,3,J39w,Y26b,NA,NA,NA,NA,NA,NA,NA,NA,NA,NA,NA,NA,NA
113,2024-05-04 09:56:00,4,A19w,T76w,NA,NA,NA,NA,NA,NA,NA,NA,NA,NA,NA,NA,NA
113,2024-05-04 09:56:00,5,A29w,A29w,Y27b,E01w,NA,NA,NA,NA,NA,NA,NA,NA,NA,NA,NA
113,2024-05-04 09:56:00,6,A29w,E01w,Y27b,E12w,E11w,NA,NA,NA,NA,NA,NA,NA,NA,NA,NA
114,2024-05-04 10:16:00,1,A19w,T76w,NA,NA,NA,NA,NA,NA,NA,NA,NA,NA,NA,NA,NA
114,2024-05-04 10:16:00,2,T15w,J39w,NA,NA,NA,NA,NA,NA,NA,NA,NA,NA,NA,NA,NA
114,2024-05-04 10:16:00,3,T15w,E06w,NA,NA,NA,NA,NA,NA,NA,NA,NA,NA,NA,NA,NA
114,2024-05-04 10:16:00,4,A73w,A29w,NA,NA,NA,NA,NA,NA,NA,NA,NA,NA,NA,NA,NA
114,2024-05-04 10:16:00,5,A29w,A73w,Y27b,E01w,NA,NA,NA,NA,NA,NA,NA,NA,NA,NA,NA
114,2024-05-04 10:16:00,6,Y27b,A56w,E01w,A73w,NA,NA,NA,NA,NA,NA,NA,NA,NA,NA,NA
115,2024-05-04 10:36:00,1,T76w,A19w,NA,NA,NA,NA,NA,NA,NA,NA,NA,NA,NA,NA,NA
115,2024-05-04 10:36:00,2,A58w,E06w,NA,NA,NA,NA,NA,NA,NA,NA,NA,NA,NA,NA,NA
115,2024-05-04 10:36:00,3,A73w,Y27b,NA,NA,NA,NA,NA,NA,NA,NA,NA,NA,NA,NA,NA
115,2024-05-04 10:36:00,4,E00w,E12w,NA,NA,NA,NA,NA,NA,NA,NA,NA,NA,NA,NA,NA
115,2024-05-04 10:36:00,5,E79w,J35w,NA,NA,NA,NA,NA,NA,NA,NA,NA,NA,NA,NA,NA
115,2024-05-04 10:36:00,6,J39w,J39w,NA,NA,NA,NA,NA,NA,NA,NA,NA,NA,NA,NA,NA
115,2024-05-04 10:36:00,7,T76w,A19w,NA,NA,NA,NA,NA,NA,NA,NA,NA,NA,NA,NA,NA
115,2024-05-04 10:36:00,8,E54w,A31w,E54w,NA,NA,NA,NA,NA,NA,NA,NA,NA,NA,NA,NA
115,2024-05-04 10:36:00,9,J35w,E79w,T79w,J11w,NA,NA,NA,NA,NA,NA,NA,NA,NA,NA,NA
115,2024-05-04 10:36:00,10,A32w,A29w,Y27b,A73w,NA,NA,NA,NA,NA,NA,NA,NA,NA,NA,NA
115,2024-05-04 10:36:00,11,E45w,A32w,E11w,A78w,NA,NA,NA,NA,NA,NA,NA,NA,NA,NA,NA
116,2024-05-04 10:56:00,1,T76w,A19w,NA,NA,NA,NA,NA,NA,NA,NA,NA,NA,NA,NA,NA
116,2024-05-04 10:56:00,2,A19w,T76w,NA,NA,NA,NA,NA,NA,NA,NA,NA,NA,NA,NA,NA
116,2024-05-04 10:56:00,3,A31w,E54w,NA,NA,NA,NA,NA,NA,NA,NA,NA,NA,NA,NA,NA
116,2024-05-04 10:56:00,4,A39w,E38w,NA,NA,NA,NA,NA,NA,NA,NA,NA,NA,NA,NA,NA
116,2024-05-04 10:56:00,5,A56w,E45w,NA,NA,NA,NA,NA,NA,NA,NA,NA,NA,NA,NA,NA
116,2024-05-04 10:56:00,6,A56w,E17w,NA,NA,NA,NA,NA,NA,NA,NA,NA,NA,NA,NA,NA
116,2024-05-04 10:56:00,7,E12w,E41w,NA,NA,NA,NA,NA,NA,NA,NA,NA,NA,NA,NA,NA
116,2024-05-04 10:56:00,8,J39w,T15w,NA,NA,NA,NA,NA,NA,NA,NA,NA,NA,NA,NA,NA
116,2024-05-04 10:56:00,9,T79w,T90b,NA,NA,NA,NA,NA,NA,NA,NA,NA,NA,NA,NA,NA
116,2024-05-04 10:56:00,10,T79w,E79w,NA,NA,NA,NA,NA,NA,NA,NA,NA,NA,NA,NA,NA
116,2024-05-04 10:56:00,11,T13b,J16w,T13b,NA,NA,NA,NA,NA,NA,NA,NA,NA,NA,NA,NA
116,2024-05-04 10:56:00,12,E79w,E79w,J35w,J35w,NA,NA,NA,NA,NA,NA,NA,NA,NA,NA,NA
116,2024-05-04 10:56:00,13,E45w,E11w,E41w,A78w,NA,NA,NA,NA,NA,NA,NA,NA,NA,NA,NA
116,2024-05-04 10:56:00,14,E45w,E11w,E41w,J17w,NA,NA,NA,NA,NA,NA,NA,NA,NA,NA,NA
117,2024-05-04 11:16:00,1,A73w,A19w,NA,NA,NA,NA,NA,NA,NA,NA,NA,NA,NA,NA,NA
117,2024-05-04 11:16:00,2,A19w,T76w,NA,NA,NA,NA,NA,NA,NA,NA,NA,NA,NA,NA,NA
117,2024-05-04 11:16:00,3,A29w,E11w,NA,NA,NA,NA,NA,NA,NA,NA,NA,NA,NA,NA,NA
117,2024-05-04 11:16:00,4,A32w,E01w,NA,NA,NA,NA,NA,NA,NA,NA,NA,NA,NA,NA,NA
117,2024-05-04 11:16:00,5,A39w,E38w,NA,NA,NA,NA,NA,NA,NA,NA,NA,NA,NA,NA,NA
117,2024-05-04 11:16:00,6,E41w,E45w,NA,NA,NA,NA,NA,NA,NA,NA,NA,NA,NA,NA,NA
117,2024-05-04 11:16:00,7,E41w,Y27b,NA,NA,NA,NA,NA,NA,NA,NA,NA,NA,NA,NA,NA
117,2024-05-04 11:16:00,8,J39w,J39w,T15w,NA,NA,NA,NA,NA,NA,NA,NA,NA,NA,NA,NA
117,2024-05-04 11:16:00,9,J17w,A56w,E45w,NA,NA,NA,NA,NA,NA,NA,NA,NA,NA,NA,NA
117,2024-05-04 11:16:00,10,T79w,E79w,T90b,T90b,J35w,NA,NA,NA,NA,NA,NA,NA,NA,NA,NA
118,2024-05-04 11:36:00,1,Y27b,J00w,NA,NA,NA,NA,NA,NA,NA,NA,NA,NA,NA,NA,NA
118,2024-05-04 11:36:00,2,E13w,E17w,NA,NA,NA,NA,NA,NA,NA,NA,NA,NA,NA,NA,NA
118,2024-05-04 11:36:00,3,E79w,T90b,NA,NA,NA,NA,NA,NA,NA,NA,NA,NA,NA,NA,NA
118,2024-05-04 11:36:00,4,J00w,J00w,NA,NA,NA,NA,NA,NA,NA,NA,NA,NA,NA,NA,NA
118,2024-05-04 11:36:00,5,J35w,T79w,T79w,NA,NA,NA,NA,NA,NA,NA,NA,NA,NA,NA,NA
118,2024-05-04 11:36:00,6,J11w,A52w,T18w,NA,NA,NA,NA,NA,NA,NA,NA,NA,NA,NA,NA
118,2024-05-04 11:36:00,7,E79w,J35w,T90b,NA,NA,NA,NA,NA,NA,NA,NA,NA,NA,NA,NA
118,2024-05-04 11:36:00,8,T79w,T90b,NA,NA,NA,NA,NA,NA,NA,NA,NA,NA,NA,NA,NA
119,2024-05-04 11:56:00,1,T90b,E79w,NA,NA,NA,NA,NA,NA,NA,NA,NA,NA,NA,NA,NA
119,2024-05-04 11:56:00,2,A32w,E00w,NA,NA,NA,NA,NA,NA,NA,NA,NA,NA,NA,NA,NA
119,2024-05-04 11:56:00,3,J35w,J35w,NA,NA,NA,NA,NA,NA,NA,NA,NA,NA,NA,NA,NA
119,2024-05-04 11:56:00,4,T18w,A52w,T18w,J11w,NA,NA,NA,NA,NA,NA,NA,NA,NA,NA,NA
119,2024-05-04 11:56:00,5,E15w,E12w,J11w,J00w,E52w,E13w,NA,NA,NA,NA,NA,NA,NA,NA,NA
119,2024-05-04 11:56:00,6,E12w,A78w,J11w,J00w,J00w,E52w,E13w,E12w,A78w,NA,NA,NA,NA,NA,NA
120,2024-05-04 12:16:00,1,Y27b,J11w,NA,NA,NA,NA,NA,NA,NA,NA,NA,NA,NA,NA,NA
120,2024-05-04 12:16:00,2,E13w,J35w,NA,NA,NA,NA,NA,NA,NA,NA,NA,NA,NA,NA,NA
120,2024-05-04 12:16:00,3,E15w,J00w,NA,NA,NA,NA,NA,NA,NA,NA,NA,NA,NA,NA,NA
120,2024-05-04 12:16:00,4,E52w,A78w,Y27b,J11w,E11w,NA,NA,NA,NA,NA,NA,NA,NA,NA,NA
120,2024-05-04 12:16:00,5,J00w,A78w,Y27b,J11w,E52w,NA,NA,NA,NA,NA,NA,NA,NA,NA,NA
120,2024-05-04 12:16:00,6,E52w,A78w,Y27b,J11w,E11w,A78w,NA,NA,NA,NA,NA,NA,NA,NA,NA
121,2024-05-04 12:36:00,1,A75w,T14w,NA,NA,NA,NA,NA,NA,NA,NA,NA,NA,NA,NA,NA
121,2024-05-04 12:36:00,2,E11w,T79w,NA,NA,NA,NA,NA,NA,NA,NA,NA,NA,NA,NA,NA
122,2024-05-04 12:56:00,1,A31w,E54w,NA,NA,NA,NA,NA,NA,NA,NA,NA,NA,NA,NA,NA
122,2024-05-04 12:56:00,2,E17w,T18w,NA,NA,NA,NA,NA,NA,NA,NA,NA,NA,NA,NA,NA
123,2024-05-04 13:16:00,1,T15w,J39w,NA,NA,NA,NA,NA,NA,NA,NA,NA,NA,NA,NA,NA
123,2024-05-04 13:16:00,2,J39w,A58w,T15w,E06w,E06w,NA,NA,NA,NA,NA,NA,NA,NA,NA,NA
124,2024-05-04 13:36:00,1,J39w,T15w,NA,NA,NA,NA,NA,NA,NA,NA,NA,NA,NA,NA,NA
124,2024-05-04 13:36:00,2,T13w,T18w,NA,NA,NA,NA,NA,NA,NA,NA,NA,NA,NA,NA,NA
124,2024-05-04 13:36:00,3,E11w,T15w,NA,NA,NA,NA,NA,NA,NA,NA,NA,NA,NA,NA,NA
124,2024-05-04 13:36:00,4,Y27b,J00w,J11w,NA,NA,NA,NA,NA,NA,NA,NA,NA,NA,NA,NA
124,2024-05-04 13:36:00,5,A31w,E01w,E54w,NA,NA,NA,NA,NA,NA,NA,NA,NA,NA,NA,NA
124,2024-05-04 13:36:00,6,E41w,T76w,E79w,NA,NA,NA,NA,NA,NA,NA,NA,NA,NA,NA,NA
124,2024-05-04 13:36:00,7,E41w,A16w,T90b,NA,NA,NA,NA,NA,NA,NA,NA,NA,NA,NA,NA
125,2024-05-04 13:56:00,1,T90b,T18w,NA,NA,NA,NA,NA,NA,NA,NA,NA,NA,NA,NA,NA
125,2024-05-04 13:56:00,2,T90b,J17w,NA,NA,NA,NA,NA,NA,NA,NA,NA,NA,NA,NA,NA
125,2024-05-04 13:56:00,3,T90b,E12w,NA,NA,NA,NA,NA,NA,NA,NA,NA,NA,NA,NA,NA
125,2024-05-04 13:56:00,4,Y27b,J11w,NA,NA,NA,NA,NA,NA,NA,NA,NA,NA,NA,NA,NA
125,2024-05-04 13:56:00,5,E12w,J16w,NA,NA,NA,NA,NA,NA,NA,NA,NA,NA,NA,NA,NA
125,2024-05-04 13:56:00,6,A03w,J16w,NA,NA,NA,NA,NA,NA,NA,NA,NA,NA,NA,NA,NA
125,2024-05-04 13:56:00,7,J00w,J11w,Y27b,NA,NA,NA,NA,NA,NA,NA,NA,NA,NA,NA,NA
125,2024-05-04 13:56:00,8,A31w,A01w,E54w,NA,NA,NA,NA,NA,NA,NA,NA,NA,NA,NA,NA
125,2024-05-04 13:56:00,9,Y27b,J00w,J11w,J11w,NA,NA,NA,NA,NA,NA,NA,NA,NA,NA,NA
126,2024-05-04 14:16:00,1,T13w,E01w,NA,NA,NA,NA,NA,NA,NA,NA,NA,NA,NA,NA,NA
126,2024-05-04 14:16:00,2,A39w,J39w,NA,NA,NA,NA,NA,NA,NA,NA,NA,NA,NA,NA,NA
126,2024-05-04 14:16:00,3,T18w,A73w,NA,NA,NA,NA,NA,NA,NA,NA,NA,NA,NA,NA,NA
127,2024-05-04 14:36:00,1,E00w,E13w,NA,NA,NA,NA,NA,NA,NA,NA,NA,NA,NA,NA,NA
127,2024-05-04 14:36:00,2,J11w,J00w,NA,NA,NA,NA,NA,NA,NA,NA,NA,NA,NA,NA,NA
129,2024-05-04 15:16:00,1,A10w,A73w,NA,NA,NA,NA,NA,NA,NA,NA,NA,NA,NA,NA,NA
129,2024-05-04 15:16:00,2,E45w,E79w,NA,NA,NA,NA,NA,NA,NA,NA,NA,NA,NA,NA,NA
135,2024-05-05 05:36:00,1,A10w,E12w,NA,NA,NA,NA,NA,NA,NA,NA,NA,NA,NA,NA,NA
136,2024-05-05 05:56:00,1,T90b,T99b,NA,NA,NA,NA,NA,NA,NA,NA,NA,NA,NA,NA,NA
136,2024-05-05 05:56:00,2,A57w,A57w,NA,NA,NA,NA,NA,NA,NA,NA,NA,NA,NA,NA,NA
138,2024-05-05 06:36:00,1,A19w,E12w,NA,NA,NA,NA,NA,NA,NA,NA,NA,NA,NA,NA,NA
138,2024-05-05 06:36:00,2,E38w,J39w,NA,NA,NA,NA,NA,NA,NA,NA,NA,NA,NA,NA,NA
138,2024-05-05 06:36:00,3,J11w,Y27b,NA,NA,NA,NA,NA,NA,NA,NA,NA,NA,NA,NA,NA
138,2024-05-05 06:36:00,4,J00w,Y27b,E15w,NA,NA,NA,NA,NA,NA,NA,NA,NA,NA,NA,NA
138,2024-05-05 06:36:00,5,J00w,Y27b,J11w,NA,NA,NA,NA,NA,NA,NA,NA,NA,NA,NA,NA
139,2024-05-05 06:56:00,1,E34w,T99b,NA,NA,NA,NA,NA,NA,NA,NA,NA,NA,NA,NA,NA
139,2024-05-05 06:56:00,2,Y27b,J11w,NA,NA,NA,NA,NA,NA,NA,NA,NA,NA,NA,NA,NA
139,2024-05-05 06:56:00,3,J11w,A56w,J00w,NA,NA,NA,NA,NA,NA,NA,NA,NA,NA,NA,NA
140,2024-05-05 07:16:00,1,J11w,Y27b,NA,NA,NA,NA,NA,NA,NA,NA,NA,NA,NA,NA,NA
140,2024-05-05 07:16:00,2,J16w,A29w,NA,NA,NA,NA,NA,NA,NA,NA,NA,NA,NA,NA,NA
140,2024-05-05 07:16:00,3,A56w,E15w,NA,NA,NA,NA,NA,NA,NA,NA,NA,NA,NA,NA,NA
140,2024-05-05 07:16:00,4,J34w,T99b,NA,NA,NA,NA,NA,NA,NA,NA,NA,NA,NA,NA,NA
140,2024-05-05 07:16:00,5,J11w,Y27b,NA,NA,NA,NA,NA,NA,NA,NA,NA,NA,NA,NA,NA
141,2024-05-05 07:36:00,1,Y27b,J11w,NA,NA,NA,NA,NA,NA,NA,NA,NA,NA,NA,NA,NA
141,2024-05-05 07:36:00,2,A58w,J39w,NA,NA,NA,NA,NA,NA,NA,NA,NA,NA,NA,NA,NA
141,2024-05-05 07:36:00,3,J11w,Y27b,NA,NA,NA,NA,NA,NA,NA,NA,NA,NA,NA,NA,NA
141,2024-05-05 07:36:00,4,J39w,T15w,NA,NA,NA,NA,NA,NA,NA,NA,NA,NA,NA,NA,NA
142,2024-05-05 07:56:00,1,E00w,A16w,NA,NA,NA,NA,NA,NA,NA,NA,NA,NA,NA,NA,NA
145,2024-05-05 08:56:00,1,A16w,A73w,NA,NA,NA,NA,NA,NA,NA,NA,NA,NA,NA,NA,NA
147,2024-05-05 09:36:00,1,E15w,A32w,NA,NA,NA,NA,NA,NA,NA,NA,NA,NA,NA,NA,NA
